作者,出现次数
刘懿,1252
胡洋,442
王星,260
吴高松,246
贾钰华,228
张临友,215
赵华栋,206
王春喜,204
廖博,168
李明洲,154
周晓,140
尹有宽,128
李维新,124
,110
孙龙昊,108
邱立新,101
戴纪刚,99
陶章,94
余可谊,90
艾剑锋,77
张西峰,74
黄欧,70
黎功,69
胡凤山,68
任卫东,63
薛兴阳,63
张正平,62
曹文兰,60
吴力,59
郭晓彤,55
王永坤,54
王文,53
车旭,51
方清,49
杨碎胜,47
谢冬,46
潘俊杰,46
陆欣欣,45
张国锋,45
孙浩林,45
王世民,45
崔志强,44
刘伟,44
匡山,44
李政,43
王昆,43
徐峰,43
陶惠人,43
常玉英,43
殷咏梅,41
王继勇,41
程吕欢,41
何义富,40
李高峰,40
夏雯,39
曾辉,38
程蕾蕾,36
陈振光,36
张斌,36
安敬军,36
白成瑞,35
张军,35
张强,35
王永忠,34
余将明,34
黄安华,34
江伟,34
王俊,34
陈小兵,33
刘铁,32
张勇,32
崔忠敏,32
楚瑞阁,31
胡庆丰,31
张涛,30
王东,30
李志贵,30
孙普增,30
张鹏,29
付圣灵,29
莫靓,29
高晓方,29
付强,29
邱志远,29
吴龙,29
闫杰,29
王作伟,28
王燕,28
杨农,28
翟升永,28
侯争飞,28
谭先杰,27
李醒亚,27
王珏,26
毕铁强,26
江晓兵,25
刘燕南,25
密雷,25
贡鸣,25
齐海梅,25
朱强,25
孙建,24
董晓荣,24
段斌炜,24
李庆兴,24
陈勇,24
程海,24
陆朝阳,23
蔡景理,23
邹世恩,23
白瑾,23
李志民,23
符涛,22
郑友祥,22
李勇年,22
侯涛,22
周传永,22
张超,22
张富斌,22
张燕,22
陈前军,22
张洁霞,21
王智刚,21
许鹏,21
俞永林,21
黄世敬,21
董国菊,21
刘彦国,21
刘茂兴,20
蒋连勇,20
张飞,20
张伟,20
陈京龙,20
张超杰,20
乔贵宾,20
杨华升,20
金瑞,20
王晟广,19
郑帅,19
杨永,19
刘安阳,19
李军,19
周联生,19
于峥嵘,19
王健,19
王建军,19
李建雄,19
王玉民,19
雒生杰,19
吴亮,18
龚晓明,18
张晓霏,18
秦雄,18
王子函,18
孔祥溢,18
颜昕,18
双剑博,18
靳维华,18
胡春华,18
余祖江,18
郭旭峰,17
熊安稳,17
张铭,17
芦殿荣,17
王靖,17
钟远辉,17
王茂生,17
杨宏辉,17
孙长宇,17
秦黎明,17
肖晖,17
田颖,16
鲁蒙,16
逄旭光,16
宋雷,16
徐运清,16
邱斌,16
刘晓文,16
王坤,16
衷敬柏,16
杨进刚,16
李威,16
尹冬,16
陈常云,16
张梅春,16
黄东航,16
孟召伟,16
张引强,15
韩宝惠,15
孙鹏,15
顾广飞,15
李旭,15
杨玉龙,15
王祥瑞,15
阎玉矿,15
王韬,15
赵东奇,15
郭向飞,15
董剑宏,15
孙恒文,15
田艳涛,15
李晶,15
徐大志,14
王伟,14
夏军权,14
范晓溪,14
刘杰,14
崔海银,14
朱广迎,14
刘嘉琦,14
龚畅,14
孙希文,14
于静,14
潘业,14
高云朝,14
陈耿煜,14
张风雷,14
祝建光,14
王伏生,14
孙文兵,14
刘强,13
刘宁,13
李鹏,13
孟祥姣,13
童国海,13
唐三元,13
崔文瑶,13
方天富,13
周毅,13
邵彬,13
邢钰,13
王慧敏,13
张新勇,13
董倩,13
龚伟,13
汪成,13
王嘉,13
刘震雄,13
崔伟,13
李睿,13
陈芳芳,13
梁博众,13
张继红,13
刘扬,13
潘焕峰,13
刘东生,13
孙国兵,13
宋志强,13
杨玉生,13
徐清华,12
李永光,12
王辉,12
赵明光,12
王朝霞,12
李蕴铷,12
焦辉,12
刘继喜,12
慕威,12
李进,12
程琳,12
郭钧,12
李凯,12
李康安,12
杨垂勋,12
上官文峰,12
李田,12
黄进丰,12
孙宏涛,12
黄磊,12
陶波,12
胡海,12
史建刚,12
高润芳,12
李楠,12
杨传华,12
马湘,12
迟鹏威,12
周静,12
张占卿,12
孙凤霞,12
孙君重,11
刘涛,11
赵艳霞,11
陈彦,11
李文华,11
钟代星,11
于正伦,11
郑于臻,11
赵亮,11
章爱斌,11
庄乾宇,11
徐安安,11
谢小明,11
李勇,11
孔佑象,11
钟林,11
梁文华,11
王彩红,11
陈伟,11
王松,11
陈志宾,11
刘宇斌,11
刘岩,11
王凯,11
魏社鹏,11
裴静,11
杨强,11
何伟,11
叶晶,11
苏崇一,11
黄汉源,11
王劲,11
刘欣燕,11
陈辉霖,11
孔辉,11
唐春平,11
臧爱华,11
陈华,11
骆抗先,11
朱刚剑,11
郑盛,11
吴川杰,10
费健,10
万继峰,10
王晓亮,10
马明哲,10
丁学伟,10
周俊,10
李强,10
郭贵龙,10
毛海青,10
邹英华,10
陆崇德,10
董玲玲,10
伍宁,10
刘东光,10
王红霞,10
吴孝雄,10
汤建军,10
杨裕豪,10
陶维阳,10
姚云峰,10
齐立强,10
任树军,10
张成海,10
韩鸿彬,10
郭仁宏,10
徐宝山,10
吴齐,10
郑龙坡,10
殷欣,10
彭军良,10
郝迎旭,10
胡亚辉,10
王杨雨凡,10
刘红亮,10
鲁德玕,10
徐浩,10
杨硕,10
钟意,10
王宏卫,10
刘梅颜,10
张艺伟,10
张慧明,10
简光富,10
朱陵君,10
林朝胜,10
刘权兴,10
李毛才,10
周慷,10
韦峰,10
李艳萍,10
延壮波,10
黄兆明,9
陈伟财,9
廖永德,9
彭莉娜,9
薛卫成,9
林宝行,9
孙胜,9
杨雪,9
闾夏轶,9
张琳,9
孙香兰,9
刘俊,9
何生奇,9
艾星子·艾里,9
冷秀玉,9
陈琳,9
郑刚,9
董健,9
史明明,9
叶晓健,9
刘硕,9
张启逸,9
蔡军,9
朱小东,9
董刚,9
王芳军,9
陈飞,9
李广欣,9
刘虹宏,9
李忠海,9
韩丁培,9
汤长江,9
吴继功,9
熊露,9
沈睿,9
邴钟兴,9
张业繁,9
魏刚,9
任世银,9
俞杞泉,9
汪丛敏,9
李瑛,9
宋海峰,9
李博,9
卜王军,9
申龙海,9
郑晔,9
罗露露,9
温鑫鑫,9
胡良皞,9
赵胜军,9
魏天龙,9
刘海涛,9
隰建成,9
王从路,9
江仲超,9
赵军,9
肖建军,9
梁静,9
李逢将,9
甘霖,9
王青梅,9
邵永胜,9
孔令民,9
毛一雷,9
尤健,9
李晓光,9
周建伟,9
马忠厦,9
李建国,9
安永辉,9
刘宏宇,9
张纬建,9
王永军,9
杨春杰,9
魏睦新,8
白晓蓉,8
李晓平,8
王子良,8
姜亮,8
黄清丰,8
沈宇辉,8
张旭敏,8
赵岩,8
吕鹏威,8
王健莉,8
于彬,8
吴耀禄,8
赵刚,8
郑亚新,8
桂雅星,8
王建华,8
郭小川,8
赵磊,8
钟书,8
王志威,8
刘殿刚,8
李继强,8
孙建平,8
邱敏,8
李昕,8
陈志刚,8
边焱焱,8
陈谦,8
董思远,8
张楠,8
高鹏骥,8
郑国良,8
王明轩,8
刘斌,8
王姝,8
范江,8
侯俊宸,8
蒋侃,8
杨青峰,8
王晓辉,8
盛佳钰,8
罗民,8
郝迎春,8
马宏光,8
高杰,8
张燕娜,8
李明,8
王海江,8
邢象斌,8
胡勇,8
李斌,8
邝涛,8
袁超,8
易端,8
陈天翔,8
丘鸿凯,8
黎健伟,8
李双弟,8
李宏元,8
杨建敏,8
闫敏,8
杨广禄,8
刘宗志,8
盛志娟,8
赵进喜,8
高秀梅,8
杨宏,8
梁宏,8
魏晓冬,8
李建璜,8
陈海威,8
贡京京,8
苏雷,8
范彪,8
李文东,8
李少雷,8
刘小丰,8
马国伟,8
高学平,8
李南林,8
杜延泽,8
李宏键,7
赵舟,7
张毅,7
彭靖,7
徐锋,7
张华,7
闫天生,7
蒋升,7
付朝杰,7
周谦君,7
杨海华,7
陈波,7
张永辉,7
薛建锋,7
崔现军,7
李晓祥,7
杨希山,7
黄川,7
张志功,7
季鑫,7
张亚雷,7
高洪波,7
吴浩,7
赵超,7
张岩,7
张瑛,7
黄德波,7
俞鹏飞,7
陶其飞,7
朱思吉,7
顾湉荑,7
董彦明,7
陈四清,7
马德奎,7
徐建芳,7
方凤宁,7
郝海涛,7
王振霞,7
李志强,7
赵福友,7
高志强,7
汤华,7
谢印法,7
李俊杰,7
陆明,7
郑晓彬,7
李珊珊,7
匡泽民,7
黄奎,7
李平,7
韦文姜,7
王颖轶,7
黄杨卿,7
岳剑宁,7
周玉斌,7
周文萍,7
范书英,7
周鑫,7
高远,7
尹丽侠,7
陈吉丽,7
陈亮,7
梁宏元,7
张琪,7
汪奇,7
李照,7
尤闻道,7
成虹,7
赵林,7
李江,7
余志,7
苏启超,7
张俊,7
王子高,7
许峰,7
唐小勇,7
唐宽晓,7
刘光伟,7
李雪莲,7
毛启新,7
刘玉平,7
田晨,7
黄辉,7
邵康,7
金宗浩,7
李妍,7
杨秀滨,7
常峰,7
宋国红,7
马晓军,7
胡永珍,7
吴超,7
魏睿,7
陈刚,7
王笑梅,7
尚佳,7
吴会今,7
李田昌,7
韩宝三,7
王震宇,7
蒋宁一,7
张立兴,7
闫东杰,7
王社教,7
尚志梅,7
霍中华,7
宋光照,7
韩呈武,7
余飞,7
付烊,7
李涛,6
叶波,6
王树芳,6
蔡琳琳,6
陈旭华,6
韩俊毅,6
阮昕华,6
李圣耀,6
刘蒲香,6
魏慎海,6
张坤生,6
朱晨芳,6
王诗军,6
李敏,6
谢菲,6
陆培华,6
赵强,6
张雷,6
胡学昱,6
张步升,6
张湘伟,6
姜韬,6
李杰良,6
席焱海,6
徐敏,6
于慧敏,6
张伟克,6
陈建飞,6
潘永,6
郑斌,6
徐启明,6
唐巍峰,6
许飞鹏,6
林洁涛,6
李渊,6
汤铖,6
方卫民,6
朱彩霞,6
谭文勇,6
于永政,6
李华,6
韩毓晖,6
盛伟伟,6
刘宝胤,6
于洋,6
张坤,6
熊建,6
李辉,6
邓幼文,6
王培松,6
张允,6
张彦武,6
王悦,6
肖丹,6
蔡少鑫,6
车财妍,6
张龙凤,6
苏凯,6
刘永刚,6
蒙碧辉,6
王乃国,6
王涛,6
顾昕,6
林海,6
耿文茂,6
杨正强,6
李宁,6
张百华,6
司同国,6
陆宁,6
张乐,6
薛亚军,6
陈晓,6
赵孟军,6
马金利,6
巩陈,6
莊志刚,6
张剑,6
陈晓峰,6
柏愚,6
林根,6
张云哲,6
曾腾辉,6
李峻岭,6
江水华,6
盛雄,6
姚学权,6
黄必军,6
赵恒强,6
赵永才,6
陈延超,6
李文杰,6
郭琳,6
王礼清,6
黄广宇,6
鲍广建,6
黄有成,6
张玉玲,6
廖玲霞,6
徐松涛,6
张月战,6
赵向东,6
孙杰,6
宋晖,6
钟少文,6
闵筱辉,6
吴奉梁,6
李常青,6
刘燕荣,6
范丰川,6
钟招明,6
程树群,6
任军,6
茅江峰,6
郭铭川,6
李崇剑,6
陈立波,6
岳殿超,6
李鲜,6
李志钢,6
匡安仁,6
卢俊范,6
马华松,6
郭文波,6
杨永峰,6
胡永成,6
陆汉魁,6
郑志想,6
姒学东,6
李慧锴,5
丁建勇,5
张颖,5
胡群超,5
魏洪亮,5
周杰,5
袁媛,5
张冬,5
任黎萍,5
郝明志,5
徐奇奇,5
潘峰,5
林国鸿,5
朱志,5
刘兴鹏,5
王铮,5
韩大力,5
赵展荣,5
于大君,5
孙延富,5
聂磊,5
李刚,5
金立亭,5
范粉灵,5
于跃,5
周京安,5
李永亮,5
康玉,5
关邯峰,5
刘鹏,5
张耀国,5
王怀斌,5
郑昱新,5
孙思庆,5
高磊,5
史国栋,5
张昊,5
郭晓珍,5
姚军,5
安欣,5
许炜,5
赵胜男,5
张杰,5
董标,5
高强,5
舒金勇,5
江亚,5
陈希涛,5
彭建珩,5
王琪,5
刘明霞,5
王翔宇,5
张彦,5
富皓白,5
张成顺,5
王建东,5
赵云鹏,5
冯旭阳,5
龚良伟,5
付晓伶,5
周斌,5
施国明,5
成兴华,5
谢峰,5
孙少林,5
徐丽艳,5
李永超,5
王静思,5
刘宇,5
李群,5
覃杰,5
吴小庆,5
李金戈,5
孙全新,5
袁声贤,5
胡小翠,5
靳大川,5
林国乐,5
马君,5
邓振忠,5
陆虹旻,5
杨晓龙,5
刘垒,5
吴建军,5
黄宗强,5
孟凡良,5
王彦平,5
何威华,5
苟卫,5
黄郁林,5
李丹,5
青海涛,5
王小红,5
朱明智,5
李正军,5
李明君,5
董章利,5
王艳荣,5
袁彪,5
周翔,5
宋乐,5
武宁,5
王丽萍,5
汪国营,5
王逢贤,5
胡志秋,5
谭远远,5
刘光,5
于昕,5
朱伟,5
季亚婕,5
陈鹏,5
杨建涛,5
王兴邦,5
柳晨,5
黄哲元,5
杨茂鹏,5
胡光富,5
龙启生,5
李靖涛,5
解耀锃,5
卢彪,5
徐长风,5
李银,5
蒋国强,5
顾建春,5
张力,5
高月明,5
樊琳琳,5
杨章林,5
李小龙,5
孙永安,5
鲁尧,5
吴昕,5
王银华,5
高玉霞,5
张维,5
余卓,5
张卫东,5
胡翔,5
汪伟,5
王代宗,5
王强,5
张徽声,5
陈超,5
付德华,5
冯莹,5
李现桥,5
李东,5
张曙光,5
陈胜乐,5
魏敏,5
陈强,5
钟沃权,5
张浩,5
叶京明,5
莫志硕,5
厉霞玲,5
周晓岗,5
麻京豫,5
黄鑫,5
王虎清,5
申占龙,5
姚云清,5
管大伟,5
朱瑜琪,5
周兵,5
张宇,5
张立海,5
赵全明,5
张巨波,5
骆成玉,5
周孟瀚,5
张晓晔,5
王九萍,5
朱彦君,5
林一丹,5
刁力为,5
周登芳,5
朱志华,5
孔清泉,5
赵宏辉,5
梁法生,5
于杰,5
申永秀,5
马照琳,5
孙巍,5
项德坤,5
马国栋,5
刘政呈,4
贺丽霞,4
孙晓寅,4
傅钢泽,4
徐飞,4
郭忠玉,4
李浩,4
崔红学,4
唐志坚,4
薛东波,4
曹捍波,4
平启年,4
傅佩芬,4
徐伟,4
陈玲娟,4
沈成兴,4
谭蔚锋,4
王广义,4
袁宏杰,4
徐泉,4
肖震宇,4
殷照才,4
吴从俊,4
侯雪,4
唐国柯,4
董玉雷,4
张传涛,4
苏乾,4
马辉,4
陆荫英,4
李振,4
张建波,4
陈廷锋,4
冯宏响,4
张鹏程,4
徐菲,4
蔺强,4
梁日明,4
陈立,4
孙星,4
何剑辉,4
刘晓雁,4
刘勇,4
孟欣颖,4
吴灵敏,4
张建国,4
丛斌斌,4
赵清,4
沈洪兴,4
吴宇旋,4
施梦,4
白骏恒,4
李慧强,4
刘明,4
李力仙,4
李林强,4
张蓉,4
刘亚明,4
刘天舒,4
闫明,4
杨阳,4
田耕,4
李霞,4
张艳阳,4
姚舒洋,4
汤立晨,4
姚珂,4
杨光福,4
王永辉,4
孙涛,4
葛睿,4
邓小磊,4
田沛琦,4
梁昌详,4
丁国锋,4
麦憬霆,4
何亮亮,4
赵会,4
苗建亭,4
范军强,4
吕振邦,4
肖方森,4
陈涛,4
卢伟,4
张明迪,4
黄晶晶,4
刘合利,4
代成波,4
张晓明,4
王磊,4
李连喜,4
陈东,4
雷志锴,4
蒋志新,4
宋跃,4
薛海滨,4
吕晓皑,4
李昭,4
靳文剑,4
王海永,4
刘振国,4
张亚历,4
何飞平,4
夏宏伟,4
张红云,4
李星,4
陈明,4
杨星,4
何志勇,4
王洪武,4
曾庆磊,4
杜端明,4
汤隽,4
陈江,4
李轶江,4
李因涛,4
张董晓,4
田阳涛,4
张雅娉,4
刘现立,4
黄刚,4
黄维江,4
杨后圃,4
张霁,4
邓元琪,4
秦彦文,4
李天军,4
杨文成,4
苏庆军,4
李佳殷,4
张洪涛,4
姜翀弋,4
张晔,4
杨景哥,4
孙立新,4
许士俊,4
王东升,4
张健,4
戚团结,4
古卫权,4
陈仲,4
董欣,4
许哲,4
张永琎,4
张世荣,4
卓蕴慧,4
薛杲,4
郭春光,4
刘学,4
周栋,4
乔坤,4
江涛,4
刘向哲,4
陈立天,4
聂毛晓,4
陆海波,4
王江立,4
吴彦,4
王成龙,4
周大亮,4
陈凯,4
蒋贝格,4
曹卫,4
张明亮,4
刘莉,4
许云,4
王纯忠,4
刘辉,4
吴显文,4
尤亚,4
刘兰涛,4
刘海燕,4
陈丹,4
区颂雷,4
宋为民,4
黄红生,4
郑远,4
李胜利,4
马欣,4
王洪立,4
梁笃,4
徐立群,4
刘赓,4
侯晓峰,4
刘佳,4
廖行,4
邱纯,4
徐耀铭,4
罗庆,4
常万利,4
戴闽,4
姜战胜,4
杨德鸿,4
陆建辉,4
徐曙光,4
张剑涛,4
常炳习,4
倪连松,4
吕尚东,4
来要良,4
顾方明,4
陈小华,4
罗专波,4
张绍东,4
李良涛,4
张士云,4
黄益澄,4
刘嘉,4
杨进城,4
徐志远,4
焦学龙,4
聂绍平,4
吴向红,4
展平,4
向松,4
林春华,4
黄华,4
周一鸣,4
方钊,4
何明伟,4
姚京辉,4
宁涛,4
邢涛,4
杨云涛,4
刘江福,4
司瑞,4
夏敏,4
黎俊,4
高银杰,4
支修益,4
邸岩,4
王善金,4
郭广成,4
张友磊,4
王胜,4
陈钟欣,4
周东,4
张磊,4
许民,4
冯利,4
张明帅,4
许文伟,4
周德训,4
李莹,4
毛宁,4
刘剑波,4
冀航,4
胡李辉,4
孙兴,4
侯兵,4
汪波,4
陶涛,4
胡振雷,4
王晓娜,4
祁磊,4
傅少梅,4
靳勇,4
陈煜,4
曾荣,4
邢剑,4
赵玉洲,4
孙南雄,4
杨志刚,4
万希润,4
夏天,4
杨巍,4
杜盛阳,4
王承正,4
吴克瑾,4
王光强,4
蒲青凡,4
郑维,4
许永华,4
李向楠,4
李开华,4
肖凯,4
陈泽涛,4
司马蕾,4
戴小华,4
周荫保,4
宋毅军,4
郜玉峰,4
汤合杰,4
罗二平,4
蒋国庆,4
段丽群,4
步召德,4
段雪飞,4
白浪,4
李新营,4
徐德龙,4
廖传文,4
郭楠楠,4
李锐,4
秦悦农,4
宋少莉,4
曹亚飞,4
杨晋才,4
潘延凤,4
李建行,4
侯爱洁,4
匡唐洪,4
李志伟,4
龙尧,4
毛克亚,4
刘宝东,4
刘正人,4
陈百华,4
韩猛,4
马智勇,4
汪涛,4
代文杰,4
王连聪,4
吴继彬,4
戴燕,4
马恩陵,4
程彬彬,4
张峰,4
林志武,4
夏景林,4
秦书梅,4
张长青,4
祝敬燕,4
肖健存,4
蒋国勤,4
顾敏琪,4
吴池华,4
李丽萍,4
刘玉金,4
刘兵,4
吴红艳,4
林建华,4
李惠娟,4
姚桂华,4
宋方,4
李从铸,4
殷惠军,4
周乐杜,4
王宝太,4
戴皓洁,4
胡建昆,4
刘筠,4
叶建明,3
朱巍,3
陆英杰,3
张炜浩,3
金亮,3
鲍慧铮,3
石长贵,3
赵建国,3
麻勇,3
杨继兵,3
赵婧,3
周素梅,3
张裔良,3
邸立军,3
商艳,3
胡薇,3
欧阳元明,3
杨三虎,3
李荣俊,3
王彬,3
蒲汪旸,3
陈占红,3
王玉芳,3
贾卫娟,3
白昌民,3
王正阳,3
朱继业,3
张战民,3
潘玲兰,3
李志新,3
苏琳,3
张晓,3
史炯,3
刘哲斌,3
鞠建庆,3
秦嫣,3
朱栋,3
邓运宗,3
吴鸿,3
陈芳,3
胡洁,3
邢玉辉,3
彭松林,3
龙厚清,3
郑毅,3
张国芬,3
刘树岩,3
李小荣,3
吴李飞,3
柳景华,3
晏滨,3
罗建平,3
赵洋,3
金太欣,3
杨迪,3
姚娓,3
洪靖,3
蔡子军,3
袁紫旭,3
董正伟,3
王玮,3
宋贤亮,3
马跃峰,3
王伟卓,3
侯洋,3
边爱平,3
王鑫,3
苗立云,3
吴昕漪,3
骆文宗,3
刘越,3
龚鸿,3
姜争,3
赵自然,3
胜彦婷,3
袁周,3
马飞,3
高帅,3
史宏晖,3
张昱,3
谢颂平,3
宋艳东,3
尤长宣,3
赵金龙,3
孙勇,3
孙艳彬,3
刘军,3
王逸程,3
吴娜,3
陈国涵,3
关圆,3
谢惠康,3
陈汝福,3
廖宁,3
刘辰君,3
康举,3
马振海,3
白雪,3
车国卫,3
钱叶强,3
杨勇,3
张慧君,3
李华南,3
肖健,3
张智发,3
李超,3
侯夏宝,3
凌泓,3
张纯海,3
初明,3
金玉春,3
袁香坤,3
滕月娥,3
范兴文,3
罗树林,3
周颀,3
段飞,3
宋佳峻,3
张国强,3
杨毕伟,3
胡光明,3
韩志义,3
连文志,3
于雷,3
侯宁宁,3
王建彬,3
赵德喜,3
吴汉生,3
刘春南,3
杜立龙,3
胡俊,3
彭智,3
丁桂升,3
刘保池,3
杜欣,3
刘洋,3
徐宁,3
曹克坚,3
杜建伟,3
周海丰,3
王欣,3
赵东兵,3
董志勇,3
肖湘,3
王宝军,3
张伯寅,3
肖辉盛,3
沈阳,3
徐聪,3
张保庆,3
魏衡,3
李双,3
孙成彦,3
熊号峰,3
胡建,3
瞿妙哥,3
高丽华,3
毛红岩,3
马秀芬,3
蔡旺,3
戴晓芳,3
黄丹,3
徐成康,3
赵建学,3
陈旦红,3
李科,3
杨光海,3
丁春华,3
王学昌,3
吴德升,3
许晨辉,3
孟祥龙,3
刘振杰,3
姜欣荣,3
张俊海,3
徐红新,3
崔后春,3
沈春明,3
刘方峰,3
翁勰,3
朱鹏,3
吴中朝,3
高冉,3
郭晓亮,3
任彤,3
李川江,3
杨乃彬,3
崔立强,3
邹显彤,3
郭永红,3
徐娜娜,3
王宇,3
李咏,3
刘永军,3
闫建玲,3
龙江,3
桑圣广,3
黄晶,3
魏向阳,3
屈涛,3
汪春林,3
顾苏熙,3
陈新忠,3
孔德淼,3
何池忠,3
蒋磊,3
许凝,3
文永兵,3
黄华生,3
阳峰云,3
王大玮,3
梁雄,3
郭春根,3
邹海波,3
刘春军,3
于卫星,3
谢芳,3
叶伟,3
强益斌,3
曾维根,3
赵田,3
卢言琪,3
李宏亮,3
邵进,3
谭中宝,3
杨明,3
刘晓东,3
蒋跃绒,3
俞晓芳,3
柯彬,3
胡学飞,3
程庆保,3
陈赞,3
郝晓甍,3
孔存龙,3
范兴超,3
吴涛,3
王玉明,3
黄洋,3
杜丽坤,3
简雯,3
王红,3
陆志强,3
张晓伟,3
胡慧敏,3
钟朝辉,3
谭强,3
徐炜,3
高绪仁,3
邵迎新,3
李艳丽,3
杨建梅,3
王晓滨,3
霍承瑜,3
刘明勇,3
单红星,3
叶珺,3
赵书杰,3
于首元,3
刘怀民,3
王巍炜,3
沈抒,3
崔慧娟,3
孙建海,3
高文俊,3
戴世学,3
徐爱民,3
葛永祥,3
潘亚敏,3
胡延祖,3
王红章,3
杨齐英,3
吕伟明,3
蒋小猛,3
彭长生,3
刘秋松,3
王培超,3
杨帆,3
郑迪,3
陈志鸿,3
欧阳玉秀,3
史晓舜,3
孙军鸽,3
王嘉玺,3
张洁,3
刘殿雷,3
郝斌,3
袁静萍,3
单成祥,3
赵宪琪,3
范丽容,3
张秀冬,3
肖家旺,3
赵文奎,3
孙美艳,3
潘小平,3
程才,3
刘昕,3
陈国芳,3
来丽群,3
刘春玲,3
程勇泉,3
张妍,3
龚兆会,3
李秋钰,3
朱易凡,3
孙英飞,3
吴剑,3
张在保,3
许晓勇,3
李运涛,3
耿硕,3
马永刚,3
董振江,3
包文中,3
励丽,3
黄启涛,3
陈令松,3
张梅,3
曾伟杰,3
孔磊,3
黄亚娟,3
赵金璐,3
魏屏,3
何清,3
仇胥斌,3
蒋莹玲,3
陈吉泉,3
尹延伟,3
刘金华,3
谷芙蓉,3
许锐,3
李飞,3
蔡庆贤,3
胡耀祖,3
蔡日,3
陈晓君,3
陈雅琴,3
朱红鹤,3
秦丰伟,3
王丽平,3
菅炎鹏,3
谢远财,3
朱宏伟,3
张晶,3
王小文,3
嵇武,3
蔡斌,3
蔡开琳,3
王安宁,3
许国华,3
初钊辉,3
王晓莉,3
商澜镨,3
王峰,3
许菲璠,3
庄洪卿,3
叶记超,3
余松远,3
王宇明,3
宋雪,3
李喆,3
李岩峰,3
张文举,3
邱双健,3
周美琪,3
李凝道,3
陈思永,3
张洪磊,3
朱武生,3
冯丹,3
苗儒林,3
孙玉梅,3
台耀军,3
田伟,3
王建儒,3
张羽,3
魏锐利,3
阎石,3
刘伟军,3
孙东升,3
徐瑞,3
陈国经,3
李晋玉,3
李海志,3
范存刚,3
龙振昼,3
管晓翔,3
伏新顺,3
吴斌,3
章建全,3
邱小明,3
张智慧,3
张金赫,3
孙倩,3
岳东升,3
杨辉,3
苑中甫,3
郭俊超,3
毛张凡,3
王五洲,3
谢雁春,3
李琛,3
郑明华,3
朱风尚,3
林建,3
海涌,3
王杰,3
郭江,3
姚建军,3
袁刚,3
余真君,3
王青兰,3
杨跃,3
赵鑫,3
张智海,3
蔡亮,3
查孝娟,3
李诚刚,3
钟池,3
梅其勇,3
昌玉兰,3
赵宗豪,3
胡德海,3
龚益平,3
孙蓬,3
钟伟,3
黄振飞,3
郭刚,3
胡爱荣,3
吴晓枫,3
朱丙新,3
黄燕,3
卜丽萍,3
赵志新,3
张立,3
李可为,3
刘乾文,3
樊英,3
邢卉春,3
陈中扬,3
李玉峰,3
陈进宏,3
钱招昕,3
陈金明,3
刘昌平,3
胡大庆,3
言湛军,3
徐发良,3
熊绍权,3
文天林,3
谢丹,3
党中勤,3
杨异,3
王官会,3
崔明,3
蔡大川,3
畅怡,3
王柏春,3
林志鹏,3
孙建峰,3
刘一,3
陈龙岩,3
王新华,3
赵玉英,3
吴卫平,3
赖明华,3
田青乐,3
刘永太,3
张静,3
邓述恺,3
郑玉山,3
张永,3
王任飞,3
曹青,3
姚永强,3
陈玉芳,3
崔丽安,3
陈维,3
赵路军,3
王平,3
刘志勇,3
吉宁,3
贺永明,3
王凤玮,3
王建强,3
李殿富,3
倪幼方,3
陈志明,3
季万胜,3
葛明,3
常富业,3
赵文华,3
郭志峰,3
白金柱,3
姜永庆,3
谢文龙,3
黄恺,3
王石林,3
王维东,3
代志军,3
陈磊,3
黄容海,3
石践,3
张晨光,3
胡奉环,3
李世宽,3
戴建辉,3
孙樱,3
曾参军,3
吕立国,3
任培华,3
尹鲁骅,3
毛东伟,3
池晓玲,3
曹水江,3
崔炜,3
余永波,3
管樑,3
张恩,3
江波,3
于宝成,3
卓睿,3
张永学,3
任文林,3
王明杰,3
吴洁,3
倪卫兵,3
李冰,3
刘玉环,3
李晨,3
朱清静,3
刘王明,3
陈清启,3
许洪斌,3
隋承军,2
冯莉,2
胡旭东,2
刘欣伟,2
张建斌,2
陈京宇,2
王北,2
史强,2
安帅,2
刘少强,2
林旭丰,2
陈乾坤,2
王妍,2
崔轶,2
杨浩贤,2
张娟,2
胡卫东,2
韦薇,2
王晓艳,2
印国兵,2
杭化莲,2
周亮,2
王从俊,2
叶伯根,2
王有科,2
施宝民,2
贾红燕,2
赵海康,2
贾帅军,2
贾涛,2
李浩军,2
吴伙,2
方佳峰,2
周莉,2
聂姬婵,2
刘维新,2
贺迎坤,2
余振,2
李业生,2
张宁汝,2
许峥嵘,2
吴星梅,2
裴波,2
涂文辉,2
王继东,2
朱秀娴,2
廖明娟,2
钟进才,2
吴舟桥,2
孙红梅,2
齐辉,2
张之瀛,2
唐嘉佑,2
陈思畅,2
陈楠,2
富灵杰,2
尹永硕,2
尹国栋,2
虞桂,2
王瑾,2
陈剑平,2
邵云潮,2
于文斌,2
董雪峰,2
宋滇文,2
董浩,2
黄伟,2
刘晓明,2
张秀彬,2
虞攀峰,2
李文雅,2
谢桥生,2
廖红霞,2
周益峰,2
杨明磊,2
孙云,2
孙云燕,2
蒋奕,2
王炜煜,2
朱丹,2
叶双,2
凌琪,2
倪兵,2
叶华,2
许建忠,2
居家宝,2
周耀东,2
唐欣,2
董朋朋,2
张红凯,2
沈露俊,2
郭润生,2
陈栋,2
柯超,2
郝哲学,2
步荣强,2
顾松,2
王庶,2
董超,2
万经海,2
方浩徽,2
曹静,2
韩向军,2
王玉霞,2
彭晨健,2
王文艳,2
周光新,2
王萌,2
王志东,2
赵家义,2
苏彤,2
田龙,2
王敏,2
刘鹏飞,2
赵劲松,2
周长帅,2
李亚平,2
李全成,2
汪清,2
王至婉,2
张新,2
胡金辉,2
张洪亮,2
王飞,2
程洪涛,2
曹卫刚,2
盛红枫,2
余科达,2
邢鹏,2
徐兴顺,2
王海兴,2
邓轩赓,2
李德志,2
刘赫,2
陈宝,2
王瓯晨,2
王茂德,2
李文松,2
崔飞,2
张晓辉,2
程哲,2
陈晨,2
陈珽,2
邹剑,2
钱琦,2
韦伟,2
宋左东,2
赵苇苇,2
魏小丽,2
潘文志,2
刘欢,2
赛克,2
张亚平,2
黄玉红,2
蔡丰,2
沈建飞,2
林爱清,2
刘丹锋,2
郭晓忠,2
樊友本,2
孙厚长,2
欧阳晓,2
王翼凤,2
刘军廷,2
邓俊才,2
杨莉,2
户富栋,2
刘天润,2
武晓泓,2
孙贵新,2
李雯娜,2
朱小龙,2
陈宝霞,2
胡丰庆,2
刘班,2
朱思莹,2
肖萍,2
郭涛,2
段满生,2
刘星池,2
常文举,2
张长春,2
张成铭,2
管思彬,2
陈小平,2
邹纪东,2
樊红光,2
阿娜尔,2
李晓峰,2
霍晓川,2
曹佳,2
李灿宇,2
马德华,2
王峥,2
蔡晓燕,2
王利清,2
任伟剑,2
许尔蛟,2
郑黎晖,2
高登峰,2
程静新,2
杨祖立,2
沈骏,2
滕红林,2
周庆,2
任安,2
何博,2
王树强,2
李沫,2
宋阳,2
柳瑞军,2
钟芸诗,2
申帮利,2
毛岸荣,2
王一梅,2
李婕琳,2
刘娜,2
易晓芳,2
陈爽,2
陈晓伟,2
刘洪波,2
王军华,2
经屏,2
招远祺,2
夏城东,2
翟东东,2
于清溪,2
侯睿哲,2
徐列明,2
刘晓加,2
杨玲,2
戚丽娜,2
吴鹏韬,2
贾栋,2
罗涛,2
程亚楠,2
丁新宇,2
李侗曾,2
杨锫,2
周敏,2
吕凯,2
张璐芳,2
董力枫,2
蔡增林,2
钟华,2
黄威,2
杨立涛,2
余琪,2
杨鹏,2
付长庚,2
韩啸,2
唐翔,2
沈芳荣,2
张建华,2
丛宇,2
檀谊洪,2
毛锐,2
孙静,2
曹凯,2
吕磊,2
冯刚,2
师永祥,2
蒋林哲,2
宋海,2
田良鑫,2
张文东,2
唐敏,2
谢军,2
李玲,2
许刚,2
沈晔华,2
范恒华,2
黄杰,2
钱祝银,2
陈焕文,2
夏勇,2
陈崇,2
陈欣欣,2
陈福灵,2
王华,2
隆建萍,2
朱迪,2
杭柏亚,2
石金柱,2
赵庆涛,2
侯浩彬,2
冯凤芝,2
沈凯,2
吕平,2
刘日霞,2
杨珺,2
张麟,2
陈定伟,2
杨梅,2
张书富,2
文根,2
闫仲峰,2
蒋晓红,2
张好好,2
李虎,2
吕海涛,2
曾忠友,2
田远虎,2
马跃文,2
戚春厚,2
姚婷婷,2
冯智博,2
司承庆,2
朱眉,2
姜岩,2
李晔,2
罗波,2
冯天元,2
李恒宇,2
黄卫国,2
姚文健,2
张挺,2
荣根祥,2
陈云志,2
李武胜,2
景成伟,2
窦肇华,2
王虎,2
曾松华,2
张海峰,2
韩克起,2
田心义,2
陈临炜,2
钱红纲,2
吴星火,2
赵飞,2
何二兴,2
何建蓉,2
王林琳,2
顾超,2
窦克非,2
路慧彬,2
王泳,2
吴华,2
翟伟奇,2
宋伟,2
王佳孜,2
刘思源,2
郭朋,2
陈红伟,2
邱俏峰,2
曹元成,2
韩杨,2
陈漪,2
朱润硕,2
葛明晓,2
廖华,2
甘璐,2
李剑伟,2
王志,2
张宝牛,2
申子龙,2
刘莹,2
刘浩,2
徐宝荣,2
李圣节,2
查贸孔,2
冯景见,2
梁莉,2
杨涛,2
马宇,2
沈洋,2
赵彬,2
李鼎锋,2
刘晓莉,2
杨宁,2
彭东林,2
张京伟,2
陈登念,2
吴天河,2
杜果城,2
刘鑫,2
朱康归,2
张宜乾,2
任宝柱,2
董华,2
张滋洋,2
姜书梅,2
蔡浩,2
祝捷,2
吴瑾,2
张军建,2
刘刚,2
洪智贤,2
芦晓宏,2
张心瑜,2
孙常波,2
谷云飞,2
苏才坤,2
谢康云,2
李巅远,2
丁洪亮,2
李熙雷,2
郑拥军,2
程玺,2
张凯,2
单乐群,2
胡康,2
杨学东,2
林泳,2
路忠志,2
程忠平,2
杨宇翀,2
高春雨,2
杨葛亮,2
王琦,2
陆巍,2
洪波,2
丁荣晶,2
李向荣,2
李英儒,2
尹俊杰,2
索蒲霞,2
周访华,2
乔江华,2
吴小兵,2
高峰,2
王兆峰,2
唐和孝,2
吴泽倩,2
刘博姬,2
彭林,2
廖士平,2
谢晓,2
吕洪涛,2
吴越,2
王乐,2
邹欣,2
姜小兵,2
王鸿懿,2
王艳,2
张余,2
陈宏亮,2
吴成胜,2
刘一剑,2
姬智,2
杜东,2
张云霄,2
谢秋萍,2
俞梦越,2
张少波,2
王雅平,2
马希英,2
邢岩,2
翟振国,2
唐志学,2
蔚有权,2
韩少山,2
明强,2
程瑶,2
王鑫达,2
周洪浩,2
张振辉,2
韩雅蕾,2
骆书洪,2
李双喜,2
黄亮,2
王驭恺,2
黎逢峰,2
王泽,2
王波,2
李艳,2
魏萌,2
张梅静,2
吕游,2
肖春花,2
范振兴,2
牛杰杰,2
余桂芳,2
党华,2
易成腊,2
梁新科,2
金莉子,2
夏国豪,2
肖士桂,2
刘源,2
饶南燕,2
张国忠,2
蒿汉坤,2
陈园园,2
杨彩虹,2
李骥,2
李玉福,2
詹建兴,2
周奇峰,2
庞凡,2
胡传朋,2
陈伟民,2
罗雪珍,2
鲁扬虎,2
安祥博,2
姚舜,2
钟勇,2
宋志芳,2
卢和丽,2
齐新春,2
邵玉凤,2
张素萍,2
刘晓峰,2
叶晓华,2
缪刚,2
赵连江,2
盛杰,2
张华东,2
赵文,2
李建伟,2
鲍时华,2
张海斌,2
支忠继,2
孙蔚莉,2
杨犇龙,2
戴小军,2
张林军,2
冯国君,2
周晓园,2
孙大朋,2
杨宗国,2
陈兵,2
张训景,2
尹震宇,2
郭强,2
曾朋,2
黄志刚,2
励逑元,2
程小辉,2
董福强,2
贾会光,2
于彦伟,2
王平贤,2
赵倩,2
沈伶,2
杨林华,2
晏怡,2
马付懿,2
舒鹏,2
赵立新,2
徐晓帆,2
吴彪,2
季磊,2
罗小宁,2
徐佐厅,2
孙晋亮,2
王亭,2
张光涛,2
李忠,2
李善姬,2
赵文博,2
英海蓉,2
李常月,2
陈映亮,2
张道俭,2
顾耀,2
叶添文,2
曹启旺,2
廖冬发,2
冷沁,2
史小映,2
陈龙,2
陈建文,2
韩宗儒,2
张齐武,2
任重阳,2
梁鹏,2
乔海滨,2
覃承诃,2
唐红,2
左学勇,2
王秋明,2
谢鹏,2
郑闪,2
邱奕雁,2
黄静,2
田孝东,2
谢向丽,2
刘波,2
左刚,2
黄国裕,2
王跃,2
马福刚,2
徐庆年,2
唐中文,2
尤江云,2
栗洋,2
宋勇,2
钱端,2
张文俐,2
任京媛,2
赵天喜,2
吴志伟,2
赵守松,2
贾燕,2
殷兆芳,2
刘修斌,2
卜庆云,2
李湘云,2
祝梅,2
苗阳,2
黄晓东,2
黄云达,2
常帅,2
谷有全,2
李屏,2
陶开义,2
刘序友,2
王恒和,2
沈雷,2
王昕,2
樊俊俊,2
孔彬,2
任薇薇,2
熊曾,2
吕志勤,2
赵鹏,2
张景卫,2
吴毅,2
何琴,2
武韫,2
张定国,2
谢智钦,2
李磊,2
陈万志,2
程晨,2
黄晓丽,2
王晶,2
董双海,2
杨靖,2
董印军,2
王鹏,2
李长吉,2
江一舟,2
厉驹,2
吴敏,2
赵永军,2
孙向东,2
吴素华,2
龚渭华,2
吴边,2
胡杰群,2
舒振,2
杨立强,2
白山岭,2
尹栋,2
胡汉,2
周子华,2
王西勇,2
宗华,2
刘建明,2
杨庭松,2
金大地,2
崔准,2
鲁瑶,2
高金波,2
赵家胜,2
王楠,2
孟娜,2
李双全,2
廖忠,2
吴震峰,2
潘博,2
洪景辉,2
周元平,2
昌薇,2
刘鹏熙,2
孙东霞,2
张森,2
罗初凡,2
邓福宝,2
谢轶群,2
潘源,2
张耀伟,2
徐瑞生,2
杨晓军,2
马骏雄,2
王海华,2
汤传昊,2
于学忠,2
周长升,2
苏子新,2
徐好杰,2
黄博,2
白莉,2
欧阳倩雯,2
邱树卫,2
晏建军,2
李嘉,2
刘颖,2
包丽雯,2
沈振斌,2
李艳桃,2
刘凤林,2
王荣飞,2
陈重,2
张波,2
陈一周,2
舒景坤,2
陈小芳,2
陈爱兰,2
王骏飞,2
游泽山,2
孙丽君,2
蒋力,2
傅晓辉,2
张聚良,2
王常珺,2
黎庆初,2
程金伟,2
唐浩琛,2
谈世进,2
杨田,2
尚敬,2
郭兴华,2
郭丰丽,2
胡旭民,2
马文庭,2
于玲范,2
李玉婵,2
武彪,2
淮明生,2
戚纪周,2
秦运升,2
罗静,2
李萌,2
孙辉,2
严佶祺,2
张清贵,2
崔莳,2
杨昊臻,2
陆凯,2
许俊堂,2
冯学泉,2
祝玉祥,2
贾杰,2
张厚德,2
徐光福,2
王宇卉,2
赵红宇,2
欧阳文献,2
鲁世保,2
陈珑,2
袁永熙,2
计嘉军,2
郝胜华,2
郑启军,2
杨荣丰,2
王海涛,2
邢霁远,2
邱伟华,2
王岩,2
陈克冰,2
范立华,2
陈璟,2
闫涛,2
黎润光,2
斯晓燕,2
陈晓军,2
陈永鹏,2
赵振刚,2
汪爱虎,2
晏泽辉,2
刘添皇,2
赵宏伟,2
温雪萍,2
镐英杰,2
吕可真,2
陈伟庆,2
史大卓,2
高学忠,2
陈岭,2
吴明,2
张文卿,2
操儒森,2
严文辉,2
朱加亮,2
高志伟,2
蒋伏松,2
李朋,2
马晋平,2
叶清,2
于长江,2
王新颖,2
唐华,2
凌钦杰,2
党双锁,2
邹大进,2
李文慧,2
赵杰,2
徐华,2
陈培民,2
吴晞,2
刘克强,2
于明新,2
万贵平,2
陈文强,2
蔡守旺,2
杨海虹,2
吴永友,2
褚瑞海,2
王明松,2
程木华,2
黄耿文,2
郭新苗,2
吴洋鹏,2
潘铁文,2
高庆峰,2
汤君东,2
马高亭,2
柯怀,2
陈国华,2
李军章,2
郭瑞霞,2
颜学兵,2
刘云华,2
王绪林,2
李家福,2
李茜,2
于栋,2
杨婉凤,2
陶鹏,2
刘旭,2
侯广杰,2
于泓,2
薛蓉,2
宗祥云,2
金洁,2
朱钢,2
赵旻暐,2
童光东,2
姜荣龙,2
康杰,2
王嘉伟,2
刘祥忠,2
胥婕,2
王介非,2
赵鸿,2
赵晓刚,2
段景柱,2
张艳,2
石博文,2
何大为,2
董伟华,2
黄晖,2
王海平,2
卢雯平,2
谢幼专,2
潘卫东,2
宋春丽,2
李晓艳,2
洪涛,2
李双杰,2
刘凤桃,2
王振涛,2
曾慧慧,2
刘长富,2
叶荣森,2
崔雨田,2
薛松,2
孟祥春,2
李钦亮,2
陈世波,2
田建辉,2
彭澎,2
闾军,2
袁敏,2
刘东昕,2
江宇泳,2
帅晓明,2
赵彩彦,2
王曙,2
徐显章,2
吴楠,2
刘平,2
于南,2
叶颖江,2
吴万垠,2
胡牧,2
王东林,2
吴迪,2
李儒贵,2
薛一涛,2
曹燕飞,2
薛敬东,2
贺新春,2
蔡诚忠,2
陈仕林,2
袁冬生,2
吉训明,2
康楷,2
吕兵,2
陈颖,2
邹衍泰,2
徐刚,2
周崧雯,2
杨保军,2
廖海鹰,2
王颀,2
贾永伟,2
凌立君,2
刘鸿,2
朱长庚,2
魏东新,2
张照辉,2
赵小波,2
王志敏,2
臧琦,2
李松,2
曾昭冲,2
马羽萍,2
陶凯雄,2
谢晶日,2
张殿龙,2
周筠,2
黎亮,2
康静波,2
莫林宏,2
周贤梅,2
孙威,2
张立国,2
张向立,2
郭喜军,2
马任飞,2
徐一君,2
穆标,2
周和平,2
李月荣,2
刘新宇,2
徐亚青,2
蒋新宇,2
聂俊杰,2
杜传国,2
张倩,2
马静,2
勾承月,2
李文萍,2
王宏伟,2
姚玉才,2
吴云江,2
康富标,2
赵静,2
雷玉涛,2
殷志强,2
姜从玉,2
赵建罡,2
张延瑞,2
徐勇,2
山长平,2
王小虎,2
范中杰,2
马步成,2
陈舒晨,2
欧书强,2
孙志国,2
洪江,2
黄瑞雪,2
洪建军,2
熊俊,2
翟博,2
曾争,2
顾力军,2
贾育松,2
高桂芹,2
张自琴,2
李广章,2
王周武,2
韩晶,2
马锐,2
章文斌,2
喻智勇,2
张汝鹏,2
余慧青,2
孟自力,2
王晓光,2
欧江华,2
蒋巧燕,2
姬勇,2
钟定荣,2
刘惜年,2
陈万军,2
冯水土,2
石军,2
苏志勇,2
崔翔,2
黄呈辉,2
路选,2
郑新宇,2
朱珉,2
郭发强,2
沈志勇,2
刘雁儒,2
崔凯军,2
李志辉,2
耿国军,2
葛鸿庆,2
许张民,2
杨志明,2
邓勇志,2
郭祖高,2
杨德生,2
缪林,2
李长春,2
高海波,2
张照华,2
欧阳建东,2
鞠洪斌,2
胡述提,2
王津生,2
任辉,2
李进东,2
高嵩,2
张运生,2
韩明锋,2
张品良,2
安建雄,2
张晓燕,2
梅建民,2
王利平,2
刘汝银,2
郝孝君,2
史洪成,2
宋文泉,2
王占龙,2
史仲华,2
崔凯,2
张中冕,2
袁锋,2
朱述浪,2
孙慎友,2
张小涛,2
宋哲,2
吴依娜,2
孙延斌,2
赵必增,2
王悦华,2
杨秀敏,2
陆丽娟,2
刘泽,2
郭会卿,2
戴雪松,2
赵沂敏,2
孟令新,2
张国梁,2
吴云,2
丁勇,2
赵小峰,2
任雨笙,2
冯会娟,2
牛西武,2
蔡永新,2
宋进华,2
殷世武,2
秦建军,2
杨建辉,2
鲁守堂,2
武力,2
孙谢文,2
彭寿行,2
田春光,2
孙宇庆,2
庄怀铭,2
冯岗,2
张戈,2
付亚龙,2
郭文,2
赵胜光,2
蒋勇敢,2
杨新妹,2
姜民,2
康献勇,2
刘文华,2
刘沙,2
邓宏,2
张旋,2
林晓悦,2
蔡莉,2
张建新,2
毕新宇,2
顾新,2
蒋赞利,2
褚延魁,2
潘广华,2
夏恩兰,2
杨操,2
屠振华,2
任东,2
布建中,2
李欢,2
冯爱强,2
于建华,2
刘家锋,2
罗国华,2
陈潇,2
涂立锐,2
刘启明,2
李卫平,2
张汉庆,2
杜好信,2
李春林,2
刘银军,2
曾现伟,2
李修岭,2
盛红光,2
吕中伟,2
刘衍民,2
杨世昕,2
张蒲,2
郭先科,2
杨金生,2
尹宏,2
周晓中,2
叶哲伟,2
程棕鹏,2
吴春根,2
管海涛,2
刘金来,2
周振虎,2
杨祖福,2
张青,2
彭卫军,2
张永江,2
张春银,2
罗全勇,2
熊宏超,2
李保国,2
张庆峰,2
周旭晨,2
吴煜,2
陈迎春,2
周平,2
张元军,2
任家俊,1
林勇,1
王培,1
安军明,1
叶润英,1
江荣才,1
许扬滨,1
周孜辉,1
藕宝池,1
沈迎,1
赵倩华,1
孟凡刚,1
耿凤勇,1
王淑芬,1
高全伟,1
李杰宝,1
邱文龙,1
林嘉盈,1
杜鹏,1
敬怀波,1
廖梓群,1
史欣鹃,1
王攀,1
顾晓文,1
张海滨,1
刘瑜,1
石岚,1
陶琳,1
潘栋超,1
张兰,1
张弛,1
袁巨芳,1
薛必成,1
李步云,1
傅毅鹏,1
赵新菊,1
杨春梅,1
周丸丁,1
朱甲明,1
杨志芳,1
陈怡,1
吕淑贞,1
董亮,1
陶可,1
刘江鹏,1
朱斌,1
张奇兵,1
张爱玲,1
代平,1
林红,1
龚德山,1
邵长卿,1
钱远宇,1
徐小勇,1
何永明,1
李妮,1
姚广裕,1
曹茵,1
王宏,1
王顺涛,1
董伟,1
刘琦,1
刘铁龙,1
林玉江,1
余振宇,1
江金华,1
陈虹,1
张树威,1
李航,1
陈青山,1
戴绘娟,1
韩改玲,1
包敏敏,1
王秀英,1
张永法,1
周云芝,1
潘俊博,1
钟外生,1
卢文亮,1
马永贞,1
毕红岩,1
高剑虹,1
胡二尧,1
高慧强,1
梁大伟,1
陈忠杰,1
谷君,1
张鹰,1
徐钰源,1
张华伟,1
刘崇,1
陶少平,1
许晨晖,1
石晶晟,1
王昊飞,1
荣雪芹,1
张茵,1
刘尊敬,1
孔凡铭,1
左劼良,1
俞洋,1
曹华,1
杨勇致,1
蒋绍博,1
张亚男,1
张玉林,1
殷积彬,1
许冰岚,1
于风燕,1
杨勐航,1
王昌明,1
杜可朴,1
安海燕,1
聂润聪,1
孙宏亮,1
姜昊声,1
金海龙,1
张亚杰,1
胡慧,1
刘莉萍,1
沈华,1
周树楠,1
张英辉,1
巩昕,1
张永昌,1
李若谷,1
胡荣,1
张志杰,1
崔鹏,1
赵钢,1
王胜杰,1
江文洋,1
王建,1
肖飞,1
黄宇清,1
杨爽,1
张铃福,1
陶思丰,1
谢波,1
荣春红,1
李晓燕,1
杨晓燕,1
龚艳君,1
向未,1
刘国文,1
李昂,1
刘猛,1
张学习,1
陈莹,1
孙建立,1
刘沛霖,1
王宁霞,1
樊朝美,1
李天石,1
刘晓岭,1
冯超,1
王山云,1
王毅堂,1
戴军,1
王新宇,1
马莹,1
董金玲,1
谢勉,1
潘钰,1
王彩娟,1
潘宏信,1
周仲国,1
王寿昌,1
江恩来,1
张棚,1
王胜猛,1
刘星涛,1
赵晓飞,1
娄纪刚,1
李锦波,1
马士新,1
陈茹,1
初玉平,1
翁珣,1
胡家朗,1
李俏,1
殷久恒,1
刘小曼,1
耿亚军,1
胡皓,1
吕大鹏,1
杜诗尧,1
花琪,1
柳德斌,1
胡志成,1
吴文广,1
李延林,1
黄可南,1
俞一飞,1
张扬,1
马宁,1
戴睿,1
王俊峰,1
杨小卫,1
孟凡征,1
刘丙立,1
刘爱华,1
吴卫泽,1
王轶,1
杨鹏飞,1
陈宝莹,1
李维宏,1
钟颖,1
石鑫,1
张剑文,1
张晟,1
汪方清,1
徐海洋,1
庄阳辉,1
林敏,1
王志启,1
董培,1
段旭华,1
武晓玲,1
杨浩,1
邱鹏飞,1
杜斌,1
张道培,1
金贤,1
王小锋,1
张卡,1
刘晟,1
许燕,1
赵艳平,1
蓝永荣,1
毛日成,1
申剑,1
杨波,1
沈顺利,1
王旭阳,1
夏令杰,1
杨锐,1
高福磊,1
侯勇,1
董秋菊,1
侯东生,1
郑海明,1
叶济灵,1
高钢龙,1
孔维萍,1
于浩,1
李星晨,1
彭吉润,1
魏丰贤,1
王继涛,1
程小杰,1
吴俊兰,1
李幸毅,1
任亦星,1
陈璐璐,1
罗俊普,1
赵宏波,1
邱占东,1
范银星,1
梅俊,1
麻付胜,1
韩颖,1
韩忠华,1
方旭红,1
郭友,1
索宝军,1
薛志杰,1
王嵘,1
李秋梨,1
张学谦,1
解元,1
蒋小华,1
付东,1
魏诚,1
伍玉枝,1
张银昌,1
曹金海,1
闫宇邱,1
张志奇,1
徐涛,1
闫海慧,1
黄嘉佳,1
杜玉堂,1
单毓强,1
王生伟,1
方鹏,1
刘振华,1
陆声,1
刘玉江,1
马春晓,1
余强锋,1
奚健,1
陈志敏,1
章述军,1
郑立锋,1
聂宏刚,1
吴蓉,1
王振平,1
姚琼,1
孙嘉腾,1
李景泽,1
曹天庆,1
王晓燕,1
蒋式骊,1
吴威,1
杨振国,1
李立楠,1
刘宝君,1
关泉林,1
刘海霞,1
康凯,1
李志华,1
郑博,1
王秀文,1
梁剑峰,1
康文,1
邵明海,1
罗洁颖,1
薛素芳,1
姚凡,1
沈彤,1
余娜,1
叶迅,1
范小平,1
邹征云,1
李顺,1
江巍,1
刘超,1
凌亭生,1
张薇,1
陆清,1
戴金城,1
常红霞,1
袁鹏,1
范卫君,1
郭莉,1
李道睿,1
何霖,1
蒋玮,1
赵明,1
贺建业,1
高荣平,1
任晋瑞,1
孙虹,1
李俊,1
徐建彪,1
杨劲松,1
殷晓聆,1
何强,1
刘晓龙,1
宋晓辉,1
沈婷婷,1
雷剑辉,1
疏龙飞,1
高进,1
谢心,1
李亮,1
温君华,1
陈会强,1
张威,1
代军涛,1
李金鹏,1
胡逸人,1
李长煜,1
庄瑜,1
穆籣,1
刘从斌,1
陈博,1
刘欣,1
宗晴晴,1
唐慧婷,1
王玉栋,1
雷三林,1
石磊,1
都文楠,1
刘卫仁,1
朱颖,1
范谦,1
俞志勇,1
王志伟,1
陈敏山,1
丁彦光,1
蒋明彦,1
杨益民,1
刘志军,1
翟林柱,1
苏玖雄,1
潘明晖,1
傅强,1
彭亚楠,1
龙靖华,1
吴贻琛,1
王磊杰,1
唐庆贺,1
陈曼,1
苗武胜,1
路永坤,1
王延国,1
王慧欣,1
杨桂棠,1
罗斌,1
张颖辉,1
宋燕,1
杨世忠,1
陈晓陇,1
胡硕,1
郭晓燕,1
何桂松,1
孔令玉,1
李清楚,1
李京华,1
盛华,1
熊康平,1
张国全,1
王品,1
余君,1
李凯华,1
赵冰霞,1
张树才,1
张培龙,1
刘娟,1
刘旭坤,1
李民,1
冷雪峰,1
范涛,1
张国明,1
钱国伟,1
牛学刚,1
李宇,1
秦铀,1
李国宏,1
高鑫,1
许跃龙,1
王文涛,1
李飞飞,1
刘红,1
苏菲菲,1
林军,1
赵荆,1
胡承恩,1
吴玉杰,1
王治星,1
徐亚威,1
李小军,1
杨文亭,1
孙葳,1
吴跃煌,1
刘煜敏,1
林招贤,1
夏仲元,1
王晶波,1
陈次滨,1
黄凤娥,1
伍财亮,1
赵迎超,1
翟惠虹,1
常春峰,1
申杰,1
曹昊天,1
陈渊,1
王立新,1
张仲富,1
田浩,1
吴青峻,1
唐辉,1
李自全,1
张庆明,1
张战坡,1
黄若昆,1
张栩,1
王林俊,1
袁林,1
张文博,1
施林生,1
朱昕,1
闫长祥,1
张顺财,1
王红玲,1
翁文翰,1
刘佳丽,1
闫小龙,1
慕腾,1
柳叶,1
徐迎胜,1
李欣,1
施海峰,1
左玮,1
孙文军,1
邵杰,1
方砚田,1
何改生,1
郭中宁,1
夏晖,1
王彦,1
李思铭,1
叶太阳,1
杨如松,1
石洁,1
李师亮,1
胡丽贞,1
郑维蓬,1
丘沧泉,1
多种用药咨询门诊,1
许莉军,1
郭东鸿,1
邓海峰,1
邢士超,1
王超,1
漆洪波,1
李家存,1
李雨,1
岳嘉宁,1
张硕,1
张善星,1
卢春来,1
菅梅,1
卢振和,1
王瑜,1
李民仆,1
朱文辉,1
谢广伦,1
肖秀英,1
冯智英,1
刘红梅,1
孙学华,1
陈俊琦,1
徐岩,1
欧昌江,1
周小智,1
陈姗,1
张俊蒙,1
陶晖,1
张攀攀,1
叶胜青,1
高尚秋,1
邓宁,1
顾宏林,1
王坤宇,1
赵峰,1
邓双年,1
唐晓勇,1
苏畅,1
刘锦源,1
王继洲,1
孔鹏飞,1
杨超,1
李思瑾,1
于光圣,1
古求知,1
印于,1
霍将,1
杨银龙,1
闫奎坡,1
高志,1
潘小宏,1
韩伟杰,1
洪惠玲,1
何绵旺,1
刘培茹,1
程芳,1
汪刚,1
姚志敏,1
孙红霞,1
林美举,1
金永健,1
辛海,1
赵欣旻,1
张银刚,1
陈喜旺,1
马强,1
赵国辉,1
杜丰,1
张明山,1
刘野,1
余月华,1
张诚,1
陶陶,1
樊东,1
林子洪,1
陈淑琴,1
李丁,1
成功,1
黄稳定,1
庞晓林,1
陈奕彬,1
王细勇,1
吴伟,1
包祖晓,1
陈杰,1
卓明磊,1
方园,1
吴剑平,1
冯桂建,1
张宏,1
柳祎,1
袁玉杰,1
黄强,1
伯小皖,1
肖锋,1
梁炎春,1
师丙帅,1
康军仁,1
贾楠,1
陶西凯,1
李夏芳,1
袁霆,1
徐明杰,1
于世凯,1
仁丹,1
白辰,1
杨红星,1
马晓媛,1
孙建超,1
陈醒,1
武常生,1
陈平,1
朱红,1
杜江,1
张俊吉,1
蒋怀礼,1
谢利军,1
王小杰,1
孙伟,1
柴新群,1
孙长胜,1
刘威,1
杨俊驰,1
李雷,1
王锴,1
袁丹,1
贺轶锋,1
王宁,1
万陆淑,1
黄东平,1
陈亚肖,1
韩建福,1
段克才,1
马泽恒,1
刘爱蕙,1
李树本,1
李国民,1
贺松其,1
刘小青,1
邢全台,1
刘之枫,1
宋轲,1
陶量,1
梁斌,1
赵玉芬,1
杨晓霞,1
梁志军,1
钱卫明,1
龚文锋,1
张善勇,1
常仁安,1
江正龙,1
耿宏伟,1
张军峰,1
刘慧颖,1
武勇,1
郑以孜,1
程继伟,1
何方方,1
荣悦彤,1
刘崇忠,1
金建荣,1
胡艳红,1
孟闯,1
冯石峰,1
白雪鹏,1
曾晓云,1
王逸非,1
钱雄,1
李国忠,1
叶亮,1
李彦,1
蒋威华,1
叶挺,1
刘爱兰,1
顾春东,1
梁卓,1
刘东,1
樊世成,1
张得雨,1
石静,1
徐斌,1
李玉川,1
曹泽,1
程欢,1
史强领,1
张冬坤,1
陈宁,1
陈永,1
周彬,1
王冲,1
陈旺,1
李海蓬,1
李军友,1
牟成金,1
朱凯,1
徐俊,1
马佳,1
李云松,1
吴显宁,1
肖永胜,1
张红建,1
史建华,1
戴维德,1
武玉兰,1
孟宪超,1
任师颜,1
周健,1
陈煜阳,1
毛宁方,1
巫国勇,1
郑顺贞,1
顾佳晖,1
田立峰,1
赵秀芳,1
李朝军,1
吉日,1
王黎,1
唐寅,1
李冬云,1
黄晓云,1
刘慧恒,1
韩培,1
和亚萍,1
汤鹏,1
冉义洪,1
韩笑,1
唐清连,1
郭蕾,1
魏水生,1
张阳,1
于凤宾,1
林乐岷,1
靳小建,1
李云华,1
高艳青,1
范李,1
戴大伟,1
李永强,1
徐勇军,1
石家堃,1
韩颐,1
陈明坤,1
王邵华,1
陈坛辀,1
林源,1
谭进富,1
胡志军,1
王春娟,1
钟启华,1
陈毅荣,1
田素青,1
张丽娟,1
钟振滨,1
周晓峰,1
李秋云,1
肖雄,1
邹继伟,1
张琛,1
曹玉雪,1
吴莺,1
闫磊,1
杜传超,1
彭其才,1
王玲姝,1
李正伟,1
黄修燕,1
姚要兵,1
朱向高,1
陈纲,1
荆志伟,1
潘杰,1
张新伟,1
章子骏,1
崔孔蛟,1
卢瑗瑗,1
史颖莉,1
任甜甜,1
周诗哲,1
史本涛,1
刘序,1
赵建军,1
虞舜志,1
仲荣洲,1
郭晓青,1
朱衍菲,1
吴心力,1
赵大春,1
张北华,1
林子晶,1
唐勇,1
胡媛媛,1
马志强,1
李瑞青,1
周育平,1
于明香,1
杨中华,1
孙荣,1
郭旭辉,1
斯璐,1
万静,1
彭芊芊,1
胡利梅,1
王晋,1
黄清社,1
闫迎川,1
闫晓东,1
张顺聪,1
王亮,1
李亚峰,1
赵翠平,1
刘凯,1
王季颖,1
刘海立,1
卢鸣剑,1
戴晓霞,1
万茜,1
赵新,1
刘丽军,1
马克强,1
王永高,1
龚世雄,1
朱欢欢,1
徐瑞荣,1
王芳,1
周跃华,1
苏芃,1
方宏,1
许斌,1
李海峰,1
李泰标,1
邬培慧,1
肖永双,1
宋涛,1
李萍,1
池嘉昌,1
沈云峰,1
曹迎明,1
赵恩昊,1
吴立共,1
李玺,1
何江弘,1
包晋,1
杨猛,1
侯国瑜,1
徐爱忠,1
张李松,1
黄宇,1
朱恩军,1
范隆华,1
程瑞,1
夏祖光,1
陈晓勇,1
迟程,1
郭振泽,1
段秀庆,1
王林,1
耿彦平,1
孙新志,1
蔡懿,1
徐彪,1
盛辉,1
王迅,1
许顺,1
黄智龙,1
何岳,1
邓志伟,1
芮璐,1
窦怀豹,1
王晓岳,1
冼文彪,1
曹斌,1
崔智淼,1
李树明,1
臧文浩,1
方禹舜,1
丁旭,1
郇松玮,1
郑丽莎,1
吴乌德勒胡,1
孙喆,1
余良飞,1
赵耀,1
刘震,1
赵士好,1
周建波,1
汪晓洲,1
徐鹤翔,1
童晓玲,1
颜登鲁,1
姚德蛟,1
刘磊,1
李金康,1
董勤,1
杨军峰,1
雪原,1
井绪泉,1
施仁潮,1
万紫微,1
胡煜强,1
郭繁,1
魏德娥,1
关健,1
赵宏志,1
庞艳华,1
熊英,1
林福清,1
王大广,1
喻继锋,1
高天,1
林承志,1
张劲新,1
余经盛,1
梁益辉,1
唐盛辉,1
苏国义,1
景尚斐,1
王文锐,1
陈伟钢,1
王闫飞,1
沈柏用,1
秦京云,1
王慧玲,1
杨会举,1
常晓月,1
韦葛堇,1
李丰衣,1
魏建辉,1
钱明,1
杨继君,1
金鹏,1
陈善闻,1
孙永胜,1
张立功,1
蔡长马,1
聂跃华,1
陈延,1
申常造,1
尚进,1
陶中华,1
高宾,1
刘兰兰,1
宋伍侠,1
杨欣荣,1
索玉平,1
王海芳,1
吴立刚,1
易光明,1
袁轶峰,1
武京国,1
郑轲,1
杨宝林,1
李雯妮,1
韩正冉,1
王剑宁,1
崔为良,1
黄晓曦,1
吴建辉,1
张万里,1
陈耀贵,1
朱宏刚,1
丁振斌,1
孙春权,1
谢艳迪,1
蔡丹,1
杨广君,1
周岩芬,1
王磊苹,1
蔡林森,1
秦宁宁,1
陈永华,1
贾忠辉,1
王英超,1
刘光旺,1
雷建文,1
彭隆,1
华伟伟,1
何雅億,1
谢四梅,1
刘娟妮,1
林为东,1
江磊,1
徐孟,1
赵国栋,1
赵明川,1
林钐,1
周宏艳,1
傅志超,1
侯明明,1
刘超乾,1
徐达,1
吴凯男,1
王会林,1
付晓杰,1
张代义,1
杨长刚,1
赵龙,1
张信华,1
倪小健,1
徐迎春,1
金志辉,1
孙科雄,1
孙健勇,1
李扬,1
汤永喆,1
李彦昕,1
李跃,1
张辰,1
张书亚,1
刘庆良,1
郭志强,1
胡浩,1
成荣杰,1
张承,1
康学智,1
然鋆,1
袁云,1
曹兴兵,1
马永茂,1
黄锦宇,1
张强(大),1
闵寒,1
易勇,1
任举山,1
王学军,1
冯秀山,1
石馨,1
薛文飞,1
陈海陆,1
艾勇彪,1
殷初阳,1
袁芃,1
朱万森,1
潘春勤,1
周春光,1
谢功能,1
谭富强,1
刘文斐,1
李昀,1
张鹏飞,1
黎东,1
李磊本,1
韦尼,1
王宇岭,1
王文斌,1
黄保华,1
安春生,1
刘海龙,1
王春霞,1
洪少东,1
余兰伟,1
俞力,1
陈海玲,1
陈柏荣,1
吴振杰,1
李立钧,1
唐广义,1
王保祥,1
高玉玖,1
尹太郎,1
郭韵诗,1
崔潇洋,1
林宇凤,1
廖海林,1
余立江,1
杨建,1
姜红峰,1
李百玮,1
卢忠生,1
李阳,1
潘文麒,1
逯代锋,1
李佑民,1
董昌盛,1
路明亮,1
张成,1
季硕超,1
隋昊,1
陈华林,1
郭树章,1
张宜春,1
邵伯初,1
陶崇林,1
苗茜,1
刘兆平,1
曹智理,1
李焕容,1
于滢华,1
王正德,1
赵琪,1
敖虹,1
封巍,1
蒋京伟,1
米悦,1
向芳,1
李征,1
胡筱娟,1
刘晓梅,1
杜捷夫,1
张红,1
余京华,1
解亦斌,1
张武平,1
宇洪浩,1
许平,1
任晓梅,1
王明东,1
段建平,1
吴坚,1
曲晓璐,1
于代华,1
赵群,1
林凌翰,1
顾宇彤,1
唐丽,1
贺春晖,1
孙东梅,1
韩翔,1
李庆东,1
陈晓蓉,1
丁涛,1
黄旺,1
彭丹红,1
陈瑞平,1
吴莉莉,1
方亦斌,1
程翔,1
何永刚,1
王岚,1
陈妍,1
尹承龙,1
甘壮钦,1
黄成,1
侍晔,1
张赤志,1
董建宇,1
王利春,1
李瑞,1
崔新江,1
陈翔,1
桑凯,1
马聪,1
邓华,1
卞玲,1
薄志远,1
陈雄,1
佟骁,1
王帅,1
汤美,1
孙家琛,1
段文慧,1
薛雪花,1
张春花,1
余德方,1
毕明亮,1
李捷,1
赵玲瑜,1
罗明星,1
仇冠中,1
王增平,1
童艳琼,1
马继恒,1
裴颖皓,1
郭伟红,1
庄严,1
纳涛,1
关念波,1
孟祥宇,1
高翔,1
韩志军,1
唐晶,1
郝丽,1
陈娣兰,1
陈述,1
曾建勇,1
张新炎,1
杜燕,1
黄玮,1
顾艳宏,1
赵宏磊,1
吴桂珠,1
王振,1
沈建武,1
杨丽平,1
罗志勇,1
崔永亮,1
罗洁,1
陈艳,1
叶庆华,1
汪珍光,1
曹磊,1
刘爱军,1
张霄鹏,1
姚娜,1
张佳,1
汪云,1
钟镇铧,1
张永华,1
葛文津,1
王邦松,1
杨博华,1
王毅,1
赵宁,1
周竹青,1
王铁汉,1
孙韶龙,1
侯文尚,1
侯剑峰,1
马少华,1
常旭,1
万信标,1
吴国星,1
郭胜杰,1
杨剑文,1
何春妮,1
邱海峰,1
孟晓萍,1
朱含章,1
曾玉华,1
辛志飞,1
桑海艳,1
吴念寿,1
王元景,1
俞志涛,1
张义红,1
杨春光,1
柳艾霞,1
陈少健,1
李清晨,1
姜羡华,1
桑怡,1
席菁乐,1
单迎光,1
长蒙,1
申兴勇,1
施纯玫,1
冯连明,1
张西坤,1
段群军,1
方汉林,1
张致远,1
孔赤寰,1
胡忆玲,1
周澄亚,1
许振声,1
吴红,1
曹锐,1
李超飞,1
陈传军,1
向光海,1
石见春,1
陈碧波,1
李泽树,1
林先坚,1
欧阳沙西,1
孙大龙,1
蒲章卫,1
卢筱洪,1
孟松,1
何武剑,1
陈志军,1
张月朋,1
成伟,1
赵瑾,1
白鸿远,1
孙国瑞,1
雷宏娣,1
陈江海,1
辛海光,1
张晓峰,1
屈峰,1
吴晶莹,1
宋贵发,1
段树全,1
张作青,1
马丹,1
赵运涛,1
董秋美,1
江建新,1
袁柏思,1
许加军,1
胡世雄,1
袁勇华,1
袁学谦,1
陈玲,1
潘哲尔,1
陶勤军,1
余强,1
王改青,1
陈厚斌,1
王龙,1
陆美荣,1
肖怀文,1
刘镇,1
张若岩,1
江照军,1
常佩芬,1
罗开国,1
韩鑫,1
刘志杰,1
范松,1
王雁,1
张瑞军,1
杨凤云,1
李欧,1
黄陈军,1
胡艳超,1
张永立,1
林永绥,1
王守山,1
刘卉,1
樊建备,1
张绪清,1
李庆庆,1
唐元章,1
刘海峰,1
吴刚,1
张文昶,1
王荔,1
夏灵正,1
梁晓华,1
徐海亮,1
许力,1
彭淑莲,1
昌耘冰,1
吴樱,1
刘丽赟,1
邹佳华,1
廖一夫,1
张彦龙,1
袁帅,1
刘帆,1
李煌,1
黄世安,1
景宏美,1
陶功稆,1
刘永健,1
俞斌,1
曹森林,1
张麦叶,1
冯兴,1
黄志亮,1
熊文博,1
姜沫含,1
白茜,1
张建龙,1
李保双,1
孟妍妍,1
金玉坤,1
朱红飞,1
姜睿,1
王景明,1
戚诚,1
胡婧,1
刘建清,1
王志杰,1
王一凡,1
吴小材,1
徐光辉,1
江志鹏,1
马益民,1
王申,1
涂云明,1
刘文辉,1
吴昱,1
申伟,1
车琳,1
杨思嘉,1
余艺煌,1
李守国,1
田丰富,1
林宜磒,1
巩书磊,1
孙海燕,1
何淼,1
郎芳芳,1
梁建伟,1
王霖霞,1
赵燕,1
袁丽粉,1
罗军,1
朱晓明,1
周艳丽,1
魏爱华,1
李松华,1
余国珍,1
郝广华,1
周广,1
白菡,1
汪留根,1
杨鲲鹏,1
谢丛华,1
张长江,1
何伟民,1
陈宏民,1
叶庭均,1
苏丹,1
宾楚轩,1
李树文,1
杨光耀,1
王承恩,1
凌晓华,1
董千铜,1
徐箴,1
贾国葆,1
梁鑫,1
黄锋,1
冯宏达,1
石海红,1
周颋,1
崔瑛,1
刘静,1
潘源城,1
张清,1
刘文兵,1
沈光思,1
李滢旭,1
李秀杰,1
李朝阳,1
曾诚,1
方正旭,1
韩凌斐,1
赵钦烁,1
崔博,1
秦际德,1
王广艳,1
王威,1
叶霈智,1
钟崇,1
秦立达,1
董明,1
赵维彪,1
李安强,1
钟欣文,1
赵栋,1
李俊海,1
范洪凯,1
曾昭吝,1
杨新健,1
戴兆云,1
盖延廷,1
易旭,1
丑克,1
吴俊本,1
孔燕,1
余玲,1
刘艳群,1
黄琰,1
宫香宇,1
王博,1
葛劲超,1
顾炜,1
李颖,1
宋坤锋,1
宋梅,1
任晖,1
张欣,1
平勇,1
孙海洋,1
付东红,1
尚文璠,1
王联生,1
高青,1
李赛,1
霍介格,1
林风武,1
张维峰,1
王运武,1
宁澄,1
朱伟国,1
楚轶,1
何英凯,1
杨昕,1
王永存,1
于善栋,1
危国军,1
杨翔,1
刘士新,1
黄茵,1
普永红,1
韩瑞璋,1
王岳敏,1
黄清春,1
楚天舒,1
朴炳奎,1
钟忆周,1
王婧,1
岳振松,1
黄信,1
田立群,1
万权,1
陈旸,1
张锦,1
付柳静,1
寇惠娟,1
顾恪波,1
王翀,1
王洪涛,1
苗治国,1
张恩圆,1
李上海,1
万勇,1
范良葵,1
白云波,1
吴浩泉,1
焦素敏,1
吴泽晖,1
葛智成,1
郭宴会,1
张令,1
李丹丹,1
冯根凤,1
孔金海,1
卢海波,1
刘东阳,1
顾建华,1
陈孟英,1
刘绍能,1
宗敏,1
吴乃石,1
陈进,1
黄舒洁,1
叶春艳,1
张昊华,1
朱大伟,1
刘志忠,1
王枫岭,1
贺凡,1
高玉伟,1
李欢欢,1
张兆,1
张晓涛,1
彭雄,1
徐忠,1
郑欢伟,1
郭跃生,1
朱李玲,1
胡鹏云,1
崔咏怡,1
何胤,1
段廷贺,1
安晓雷,1
吴稚冰,1
吕鹏,1
霍艳丹,1
曹喆,1
孙超,1
姜宏佺,1
赵东升,1
罗俊,1
王西跃,1
吕从改,1
茹松伟,1
张劼,1
魏立,1
邓云超,1
王丁仓,1
李尚俭,1
姜贺喜,1
陈勇军,1
方丹红,1
龙笑,1
吕民豪,1
余航,1
王兴福,1
吴晶晶,1
邵国辉,1
经燕,1
齐永帅,1
谢卫东,1
陈旭清,1
石桂良,1
陆建伟,1
郭明伟,1
王莎,1
沈炜亮,1
薛嘉虹,1
诸华光,1
匡荣仁,1
张燕军,1
施承民,1
章余妹,1
李佩文,1
李运峰,1
戴红,1
詹琼,1
李莉,1
周沛,1
毛友生,1
赵良军,1
杨一鹏,1
胡鄂曼,1
曲伟,1
黄建坤,1
陈徐波,1
王炎,1
高杨,1
郭翠梅,1
钟学珍,1
李昕耘,1
武昊鹏,1
余坤,1
廖煜君,1
米祎,1
翟耀君,1
何琼,1
刘雪玲,1
程亮,1
黄友佳,1
王伟斌,1
刘真真,1
高国璇,1
付才华,1
邵璐,1
唐炯,1
王晓英,1
王晓丰,1
宋元彬,1
罗壮,1
牟巨伟,1
应志敏,1
张海岳,1
吴志喜,1
孙丽,1
丁超,1
张淦生,1
马镇川,1
牛耀东,1
李馨,1
王德深,1
许杰华,1
周萍,1
潘坤明,1
李音,1
董晓秋,1
郑礼平,1
吴水平,1
朱亮,1
张洪义,1
周剑波,1
马冬璞,1
韩锋,1
古晓东,1
杨秀华,1
丁海波,1
贾国丛,1
张兆国,1
王默进,1
陈文武,1
齐鹏亮,1
戚勋,1
汪建中,1
胡月鹏,1
毕春强,1
钱海燕,1
刘星伟,1
王益民,1
段键,1
刘金平,1
黄小准,1
郎昭,1
冯婷婷,1
贾书生,1
蒋丽敏,1
汤日宁,1
信国峰,1
李碧岚,1
丛明华,1
蒲兴祥,1
李彬,1
邢泽军,1
纪泉,1
葛现才,1
于灏,1
杨奇志,1
国红,1
李大鹏,1
吴晴,1
梁清华,1
刘蓉,1
钱晓龙,1
陶拓宇,1
王明华,1
李燕梅,1
李宪凯,1
王金榜,1
李长达,1
苏义林,1
朱壮彦,1
王东民,1
朱辉,1
郭煦,1
高文斌,1
宋作庆,1
屈莉红,1
邬步云,1
张林爱,1
文勃,1
吴志俊,1
韩建龙,1
王雪梅,1
李茂宇,1
郭亮,1
厉锋,1
陈国栋,1
沈伟峰,1
屈洪波,1
蔡克强,1
徐静,1
黄珊珊,1
杨学兰,1
孔令禹,1
郑守华,1
钟锐,1
张宁,1
张旭魁,1
陈怀宇,1
黑光,1
张雪莉,1
孙智超,1
晏霞,1
熊兴江,1
牛玲,1
黄耀斌,1
邹雪琴,1
刘飞鹏,1
邢泽宇,1
王善付,1
王伟恒,1
赵昔良,1
梅加明,1
涂向群,1
张寒,1
刘钜文,1
董林平,1
李静孟,1
胡逸林,1
张国荣,1
黎杰,1
闫新欣,1
吴建南,1
徐细明,1
顾海涛,1
熊文,1
孙海荣,1
冯晓,1
成小林,1
孙蜀宁,1
高文军,1
曾显阁,1
卿德科,1
李卫校,1
曹鹏,1
胡睿,1
易彤波,1
程德志,1
钟璋花,1
李霏,1
崔志磊,1
吴永全,1
丁新民,1
范家伟,1
管添,1
曲伸,1
孙俊锋,1
廖日强,1
赵颀,1
刘树朋,1
刘启梁,1
晁腾飞,1
杨登科,1
罗勇,1
李祥全,1
陈其华,1
秦鹏,1
刘伟东,1
福军亮,1
娄丽丽,1
王小飞,1
张桂莲,1
李广浩,1
梁汉霖,1
范春蕾,1
李西山,1
夏秋霞,1
张国新,1
马锋振,1
雷光林,1
王春刚,1
王同杉,1
武国,1
苏春霞,1
袁泉,1
王东生,1
吴华芹,1
张勇刚,1
刘宗莲,1
王宇蔚,1
陈恩东,1
李广华,1
邢斌,1
刘春萍,1
陈海冰,1
徐海鹏,1
李智,1
吴旭波,1
兰岚,1
戴洪山,1
黄志鹏,1
黄彬,1
孙晖,1
戴桂良,1
汤跃强,1
张琰,1
吴芸芳,1
邱继祥,1
潘丽丽,1
王研,1
宫立群,1
孔明,1
郑德仲,1
蒋超,1
郭潇潇,1
柳达,1
李秀连,1
刘艳成,1
魏来,1
舒方,1
吴俊,1
余雯,1
汪明,1
曾强文,1
刘志国,1
邢浩,1
张哲,1
朱泽兴,1
刘志敏,1
张煜辉,1
傅志炜,1
原凌燕,1
徐凯,1
刘立,1
熊先泽,1
胡稷杰,1
付广华,1
吴小脉,1
杨文宝,1
刘国辉,1
尤鹏,1
谭玉,1
黄海,1
厉智威,1
焦晓栋,1
吴亮亮,1
宋心雨,1
何明,1
杨夏晴,1
李德亨,1
鲍毅,1
谢学羿,1
孙登华,1
钟赟,1
刘宇雷,1
魏森,1
赵晔,1
浦立勇,1
马迎春,1
王政,1
曾健,1
朱康顺,1
陈炳伟,1
冯法博,1
刘启光,1
汤哲,1
蒿俊行,1
陈震,1
郭玉海,1
鲁利明,1
陈凡,1
郗盘山,1
郑伟,1
孟长海,1
刘源香,1
葛峰,1
刘红兵,1
沈春辉,1
范荣,1
黄达永,1
胡迪,1
赵玉峰,1
曾宁,1
姜思明,1
龚航军,1
贺文兴,1
张晓薇,1
朱中飞,1
刘小聪,1
毕广良,1
杨青梅,1
王晓芳,1
乔晓会,1
冯亮,1
吕浩然,1
谭洪波,1
朱长焜,1
王少杰,1
厉晓龙,1
杨雄杰,1
陈维迪,1
邬麟,1
庞良龙,1
陈新,1
王伟民,1
王鼎,1
季亢挺,1
彭方强,1
罗高俊,1
谭为,1
邓海鸥,1
杨计策,1
赵锐,1
姚嘉,1
张国威,1
尹清,1
吴创鸿,1
袁华,1
钱章林,1
邵军,1
周光耀,1
叶一农,1
吴战臣,1
仲佳,1
胡波,1
谈博,1
曹进,1
吴齐飞,1
田思思,1
吴雪梅,1
肖义涛,1
邵军晖,1
宁德新,1
周载平,1
艾贵海,1
凌晓锋,1
蒋青伟,1
樊东升,1
吕晶,1
余勇,1
周连兴,1
范晓鹏,1
张桂荣,1
官浩,1
陈农,1
罗玲,1
严宁,1
黄秀峰,1
占明,1
吴晓亮,1
任志伟,1
孔令亭,1
秦玉刚,1
马力波,1
万槐斌,1
王玲玲,1
朱建伟,1
顾仰葵,1
邱耿韬,1
郑晓舟,1
章斌,1
赵洪洲,1
赵长清,1
张莹莹,1
李华歆,1
尤卫平,1
刘永政,1
赵冰冰,1
胡海舰,1
吕怀盛,1
鲁志兵,1
赵明利,1
柯友建,1
柳根哲,1
郭明君,1
祝迎锋,1
王洪美,1
邹琼燕,1
匡铭,1
毛小刚,1
田丰,1
彭景华,1
李跃荣,1
周陈西,1
朱小刚,1
张丽芳,1
张继宗,1
黄飞,1
朱玮,1
连臻强,1
黄宗良,1
黄向春,1
肖珑,1
范例,1
徐玲珑,1
黄海涛,1
张琥,1
蒋科卫,1
方静,1
李明明,1
吴文俊,1
朱喆,1
陈一铭,1
何梅囡,1
解俊杰,1
殷浩,1
胡学军,1
姜清茹,1
夏峰,1
张京春,1
康辉,1
方玉,1
宁志伟,1
孙佩宇,1
郑亚江,1
许小进,1
赵晓龙,1
范兴良,1
于民民,1
范虹,1
田文栋,1
吕文良,1
丁宁,1
许戎,1
杜寒松,1
尹维民,1
聂文彬,1
姚爱华,1
金广霞,1
熊亚军,1
李正勋,1
傅传刚,1
卓高豹,1
段亚景,1
张宏生,1
肇毅,1
杨丽娴,1
张成武,1
张敬杰,1
张雪松,1
贾二龙,1
张统一,1
董贺龙,1
薛磊,1
崔建新,1
彭利军,1
李晓波,1
曾岩,1
郝丽军,1
张海容,1
来江涛,1
严锋合,1
舒伟,1
王礼彬,1
谭宏涛,1
孙冰生,1
郑建铭,1
杜伟亚,1
张俊萍,1
邱妙珍,1
沈奕,1
杜世新,1
许之民,1
金涛,1
王稻,1
任莹坤,1
于萍,1
许玉军,1
胡春秀,1
王鹏远,1
薛栋,1
袁火忠,1
赫兰学,1
于涛,1
郭锦洲,1
郑恩典,1
吕国悦,1
庄伟,1
任泽鹏,1
杨海霞,1
朱旭生,1
吴晓婷,1
郑亚兵,1
王海洋,1
谢林,1
刘政,1
赵志刚,1
陈传煌,1
陈世寅,1
马振兴,1
何蕾,1
王合兵,1
赵洪,1
张耀,1
肖潇,1
葛孝忠,1
满晓梅,1
张文涛,1
李大威,1
王广川,1
姚俊,1
陈晓杰,1
金文韬,1
慈军,1
郭崇勇,1
凌宇,1
赵红卫,1
刘荣霞,1
王贵鹏,1
李炜,1
刘瑛,1
武春玲,1
洪军,1
张国喜,1
张银旭,1
李习珍,1
黄兴福,1
李惠凯,1
张丽,1
曾进,1
张起帆,1
杨飞燕,1
刘元水,1
徐大波,1
石伟,1
贺永文,1
徐栋,1
朱自荣,1
周淑萍,1
钟彪,1
马林,1
杨鹏雅,1
任勇,1
刘弦,1
李国帅,1
丁宇,1
严同,1
王科,1
李道卫,1
胡林,1
周兆平,1
余丹青,1
赵成鹏,1
赵正琦,1
林连捷,1
刘立新,1
滕志涛,1
郭卫星,1
任强,1
郝少波,1
彭志海,1
吴金柱,1
徐艳辉,1
李秋伟,1
耿小晶,1
廖立秋,1
姜萌,1
张益民,1
陈文珍,1
程旭锋,1
练磊,1
王子江,1
叶凯,1
崔仁忠,1
齐宇,1
马德强,1
舒丽萍,1
余枫,1
米小龙,1
高晓娟,1
刘焱,1
蒋卫民,1
周郑,1
邱维诚,1
王贵怀,1
蒋燕,1
孙堂娜,1
常新忠,1
文雯,1
周昆,1
刘成业,1
崔全起,1
肖勇,1
马芳,1
刘晚霞,1
臧旺福,1
徐海林,1
徐诣,1
简荣汉,1
商敏,1
李宏涛,1
史计月,1
李连华,1
谢松林,1
吴昊,1
周宁峰,1
李彦芳,1
汪智文,1
华杰,1
向亮,1
李映良,1
毛世华,1
张凯瑞,1
康磊,1
王小龙,1
贺新国,1
王宁军,1
杨慧琪,1
田攀文,1
承燕,1
李定彪,1
林锐波,1
苗振春,1
贾国战,1
崔益亮,1
杨泽娟,1
李进义,1
贺永进,1
韩树峰,1
高培显,1
舒俊龙,1
石海峰,1
易文君,1
胡金艮,1
李从青,1
朱明辉,1
周军,1
朱涛,1
郑启城,1
傅品祥,1
单年春,1
裴国田,1
苏红梅,1
杨立利,1
高克俭,1
华崇俊,1
赵海龙,1
杜正贵,1
张雁山,1
尹战海,1
王桂红,1
牛秀峰,1
李志刚,1
王丽娟,1
潘昱,1
王浩,1
王缄,1
王哲,1
林国平,1
林茵,1
王丽华,1
李国庆,1
伍少玲,1
庄东海,1
唐帆,1
章俊,1
吴炳华,1
蔡珠华,1
江燕萍,1
付至江,1
童俊翔,1
路敏,1
蔡思逸,1
刘宏旭,1
刘晨,1
农璎琦,1
马震,1
张大光,1
姜洪丰,1
蔡兴秋,1
肖海波,1
袁建松,1
蒋莹,1
马冬捷,1
祝斌,1
张文海,1
孙成栋,1
王萌瑞,1
卢燕,1
宋荣强,1
贺飞龙,1
颜学亮,1
任素华,1
张克刚,1
蒋雷服,1
尹海磊,1
夏志伟,1
庞卯,1
张旭桥,1
王连美,1
胡平,1
乔飞,1
贺同强,1
袁斯明,1
殷科珊,1
范岩,1
葛杰,1
胡逊,1
李建宇,1
杨文娟,1
汤海涛,1
孙雪峰,1
李娟红,1
蔡勇,1
高颖,1
钱军,1
钟碧慧,1
孟永斌,1
邹琼,1
陈文君,1
郭锋,1
许春雷,1
邢同海,1
胡杨,1
吕福东,1
陈坚,1
王兴,1
储建军,1
田辉,1
崔丹瑜,1
吴雄枫,1
周小辉,1
李成芸,1
龙启明,1
崔玉增,1
陈林,1
马真胜,1
王以新,1
巴兆玉,1
贺毅,1
丁蔚茅,1
李成鹏,1
罗成华,1
华凯,1
王重阳,1
郭志豪,1
魏以桢,1
刘宏,1
任涛,1
陈际连,1
贺建华,1
江联萍,1
侯斌,1
方秀统,1
马永强,1
朱广文,1
李学良,1
庄博文,1
吕振乾,1
刘晓君,1
马剑英,1
刘志新,1
吴晓东,1
惠凯,1
赵百秋,1
陈明显,1
张琴阳,1
张慧琴,1
刘敏,1
谢沛霖,1
曲范杰,1
穆晓光,1
田洪涛,1
吴炜新,1
解玉泉,1
彭莉,1
何菊仙,1
周炜,1
韩松,1
周易冬,1
孟国林,1
廖代祥,1
李长东,1
江立生,1
赵海波,1
王云飞,1
张良泽,1
李红,1
王镁,1
张玉良,1
陈肖俊,1
上官磊,1
占伊扬,1
李庆祥,1
吴铁成,1
李青,1
徐勤,1
刘清军,1
刘剑华,1
王权,1
吴鸿念,1
施伟斌,1
李新宇,1
王力刚,1
谢建国,1
张明辉,1
李卓伦,1
明江华,1
张焕峰,1
沈松杰,1
贾卫滨,1
王日胜,1
沈凌,1
陈德波,1
王开利,1
汪为胜,1
郭小双,1
张元山,1
赵峻,1
蒋立辉,1
张剑辉,1
姜文,1
唐澜,1
罗永升,1
丁国善,1
郝刚,1
李鸿章,1
何飞,1
薛明强,1
刘晓利,1
乔岩,1
王永德,1
张兴国,1
李洪利,1
许立超,1
陆浩,1
安翥鋆,1
赵文霞,1
徐龙,1
朱月永,1
刘长江,1
刘荔,1
钱振渊,1
李荣春,1
杨崛圣,1
龙志雄,1
孙凤龙,1
杨延砚,1
程歆琦,1
张照兰,1
冯盛才,1
王珏儒,1
裴春鹏,1
刘晓飞,1
陈辉,1
吴凤林,1
董耀,1
杜志雷,1
姜晗昉,1
岳蓓,1
谭一清,1
郑学胜,1
傅晓晴,1
汪毅,1
戴朝六,1
冯艳红,1
段东明,1
杨学伟,1
邓桢翰,1
蒋树龙,1
李静,1
袁静,1
唐杰,1
王芬,1
王江源,1
郭善禹,1
唐国栋,1
尹华发,1
卢海丽,1
雷晓辉,1
李想,1
田梅,1
李佰君,1
田庚善,1
郭素敏,1
汤地,1
朱丽影,1
侯晓荣,1
余祖滨,1
吕淑兰,1
赵英仁,1
多红东,1
高月求,1
程宽,1
李书平,1
陈莉丽,1
徐向英,1
刘厚林,1
陈炳官,1
刘志华,1
徐启桓,1
王志农,1
王文海,1
陈嘉辉,1
商冠宁,1
徐勇超,1
谢海波,1
秦永文,1
宋利格,1
殷国庆,1
潘伟波,1
程大丽,1
李兵,1
李钧,1
王晓峰,1
于金栋,1
陆晓峰,1
公维军,1
赵欣,1
陆卫军,1
杜懿杰,1
覃庆洪,1
潘恒,1
宋安宁,1
薛洋,1
石汉平,1
陈钢,1
马军,1
王文才,1
张文兴,1
陈义森,1
谷晓伟,1
张荣君,1
杨仪,1
刘文能,1
李明堃,1
张建东,1
李鹤成,1
程新宝,1
齐科雷,1
陈金联,1
刘天一,1
臧建成,1
陈盛铎,1
刘宝瑞,1
龚旭初,1
刘福水,1
范慧敏,1
孙晓,1
黄东,1
唐云炳,1
陈耀,1
杨新苗,1
常亚杰,1
陆宪中,1
李利,1
卢凯华,1
宋云虎,1
邹银水,1
卢列盛,1
李恕军,1
白海亚,1
张敏,1
明佳,1
王哲银,1
杜磊,1
张衍辉,1
李晓林,1
张爱元,1
何亚军,1
任哲,1
万荣,1
潘陈为,1
邹瞭南,1
刘宪义,1
高志冬,1
曾滔,1
施旭光,1
吕志宏,1
王宇枭,1
冯新恒,1
赵卫峰,1
刘立国,1
吴学苏,1
周福德,1
刘亚军,1
杨正安,1
陈亚进,1
于志海,1
董川,1
夏风飞,1
徐迎佳,1
陈文姬,1
牛龙喜,1
赵凤瑞,1
孙振兴,1
徐文嵩,1
杨成亮,1
李伟,1
章荣贵,1
卡世全,1
周智,1
龙志强,1
王洪娇,1
魏淑相,1
阳国彬,1
秦辉,1
韩丽萍,1
周永安,1
庞慧,1
王新平,1
梅荣军,1
郭智涛,1
谷明林,1
苏子剑,1
邓小东,1
张敏健,1
邓小容,1
邵峰,1
马乾章,1
王继跃,1
杨为戈,1
李启芳,1
杨锴,1
蒋劲松,1
刘培先,1
陈玉龙,1
李岩,1
原所茂,1
车伟伟,1
高永举,1
彭小祥,1
金晶,1
徐顺福,1
李建荣,1
冯惠仪,1
陈卫东,1
胡宾,1
何文涛,1
熊丽,1
马亮,1
范大庆,1
郭兆安,1
李桂莲,1
宁斌,1
李子剑,1
高勇,1
张万高,1
黄振步,1
尹耀新,1
张淑玲,1
高翠霞,1
丁国军,1
牛焕章,1
乔彤,1
吕银,1
喻东亮,1
熊伟,1
刘江涛,1
孙淑明,1
王宪沛,1
张丰,1
任泽华,1
朱振胜,1
骆红剑,1
肖帅,1
许雪峰,1
闫巍,1
宁平,1
唐彩艳,1
王锡三,1
韩威力,1
周玉明,1
胡维昱,1
唐域,1
明全,1
陈鹤鸣,1
潘正连,1
张少敏,1
王赞利,1
蒋日成,1
袁海峰,1
董华英,1
连豫苞,1
王玫,1
李少华,1
段绍斌,1
何志军,1
佡剑非,1
高广甫,1
崔恒,1
邵将,1
张竞,1
童鸿,1
蔡洁武,1
熊大昌,1
牛国旗,1
李国栋,1
柳咏,1
杨兆辉,1
贾希瑞,1
海舰,1
黄畦,1
马水清,1
李淑娟,1
苏彦河,1
张学彬,1
孙治华,1
任敏,1
苏再发,1
段平国,1
刘义民,1
赵翔宇,1
董然,1
蒋羽,1
邱玉华,1
孙修勇,1
余海波,1
郭传勇,1
汤日杰,1
赵慧朵,1
吕秀玮,1
梁有峰,1
毛建强,1
苏英,1
靳建鸣,1
周浩,1
唐燕,1
金嘉琳,1
关若丹,1
龚子永,1
金美玲,1
陈巧真,1
李青春,1
封全灵,1
吕厚君,1
李国楼,1
魏毅东,1
燕敏,1
王云,1
陈伯华,1
张蔚,1
李锡明,1
陈宇清,1
张相良,1
余志勇,1
黄林,1
廖冠群,1
李培勇,1
戎龙,1
江河清,1
丁洪飞,1
冯强,1
常彦海,1
唐莉,1
钱建民,1
智晓东,1
李茵茵,1
曾普华,1
郭瑞林,1
韩春锡,1
程端,1
王文生,1
杨华伟,1
叶霖,1
钱培红,1
郁林,1
马先林,1
林彬彬,1
薛永亮,1
张晓琦,1
冯激波,1
余洋,1
王继旺,1
杨德华,1
肖卫东,1
王雄华,1
薛皓,1
怀德过,1
张广亮,1
宋自芳,1
杨福生,1
时百玲,1
常伟,1
张焕轶,1
刘景洲,1
逄利博,1
张保中,1
张国兵,1
黄孝伦,1
刘宝珍,1
高社干,1
黄韬,1
周长雄,1
谭华,1
叶放,1
黄斌,1
陈贵言,1
马松鹤,1
邓岳,1
任双义,1
毛惠国,1
李小鹏,1
赵辰生,1
赵国志,1
鞠庆波,1
张海洋,1
陈景波,1
韩宇,1
宋洪江,1
刘登强,1
赵衍斌,1
王汐,1
赵东强,1
李洪光,1
陈群,1
董丽丽,1
武爱文,1
许康,1
赵根尚,1
刘志刚,1
张彬,1
刘道永,1
骆彩英,1
安勇,1
郭美琴,1
冯毅,1
温鹏,1
胡青钢,1
郑燕平,1
史相钦,1
何宗泽,1
毛苹,1
胡健,1
吴松,1
严匡华,1
杨志宏,1
刘继明,1
熊秋云,1
钱海虹,1
陈连刚,1
范鹰,1
吕志栋,1
余靖,1
李大柱,1
王金武,1
李果,1
于淑丽,1
张征石,1
邓钢,1
徐清榜,1
陈伟力,1
孙旗,1
闫龙涛,1
张萍,1
徐长宪,1
王慧娟,1
李春明,1
杜宏波,1
杜铭,1
纪妹,1
冯庆菁,1
康学文,1
赵曙,1
汤桂英,1
马晓东,1
胡江涛,1
李成刚,1
王龙刚,1
庄桂霞,1
宋晓光,1
方芳,1
刘爱峰,1
李玉珍,1
魏增涛,1
贾乾斌,1
温志刚,1
武连华,1
李荣,1
韩波,1
付万发,1
李文涛,1
孙宜保,1
吕钢,1
张国伟,1
倪家骧,1
闫兰菊,1
赵成进,1
曾献忠,1
宋祥胜,1
谢杰伟,1
周焕明,1
李景刚,1
朱雄林,1
柳林,1
何富乐,1
朱春富,1
陆志东,1
赵廷虎,1
王在国,1
王洪斌,1
陈义发,1
毛广平,1
赵海鹰,1
刘揆亮,1
周曙光,1
黄凯,1
杨彦伟,1
罗义,1
王恩敏,1
申涛,1
张逖,1
董平,1
许二赫,1
鲍朝辉,1
吴毅平,1
温志雄,1
杨永东,1
陈春美,1
纪广玉,1
赵卫锋,1
陈泯燕,1
柴立勋,1
杨春喜,1
梁征南,1
于聪慧,1
梁翠霞,1
邱风,1
陈东林,1
刘感哲,1
李丰升,1
邱春光,1
郑晨昭,1
王卫刚,1
曾昂,1
王海军,1
黄中柯,1
崔言刚,1
王崇贤,1
韩璎,1
徐红斌,1
尹磊,1
于晓园,1
刘长山,1
王海莉,1
吴军,1
唐龙国,1
许雅芳,1
李曾,1
杨清,1
王东明,1
张辉,1
宋笑飞,1
陈国奋,1
杨志新,1
刘激文,1
张振华,1
顾其华,1
牛领锋,1
王碧芸,1
杨升,1
张子峰,1
杨挺,1
李鹏飞,1
梁宏莉,1
张松林,1
王学文,1
王硕,1
万卷芳,1
贺石生,1
严红梅,1
徐海滨,1
王亚军,1
朱越峰,1
眭承志,1
朱裕昌,1
王亚华,1
高明松,1
杨加顺,1
于春虎,1
马晓晔,1
卜智斌,1
卫建民,1
魏慧生,1
徐新保,1
李海辉,1
林天生,1
胡建康,1
孙栋,1
殷晓煜,1
王翠兰,1
司马辉,1
曹广庆,1
刘国萍,1
李旭东,1
马骏,1
谷元廷,1
张晓波,1
钱文浩,1
夏强,1
岳振东,1
赵培起,1
杨拴盈,1
胡兵,1
操乐杰,1
宋鹏,1
李心龙,1
于立新,1
秦庆亮,1
刘敬伟,1
程勇,1
何良志,1
陆文熊,1
赵荫涛,1
刘立云,1
邢燕,1
刘远廷,1
陈小莉,1
李青峰,1
董建增,1
牛森林,1
黄壮士,1
刘建国,1
刁德昌,1
王国经,1
石岳,1
张文霞,1
傅建民,1
张付峰,1
高瞻,1
劳立峰,1
郭建阔,1
连彦军,1
岳伟,1
李国立,1
王雪峰,1
李东红,1
宋伟祥,1
王海蛟,1
王舰,1
赵年贵,1
周蓉,1
徐根兴,1
庞大志,1
戴云,1
邹冬玲,1
刘远煌,1
冯国余,1
田晓东,1
田明国,1
谭世桥,1
冯军鹏,1
丁坤,1
周国胜,1
周晗,1
蔡民,1
王鸣,1
许丹,1
丁旭青,1
闫明先,1
张根明,1
郭伟,1
陈剑,1
张树荣,1
谢仁明,1
冯锐,1
缪秀华,1
孙建军,1
孟玉新,1
崔伯康,1
郭长青,1
苗军,1
段卫,1
郭永锋,1
何勍,1
梁道斌,1
赵元华,1
王云彦,1
尹文州,1
秦兴雷,1
梁静然,1
展振江,1
张文刚,1
王清图,1
李建明,1
徐旭,1
姚豫桐,1
杜汉军,1
王正昕,1
王咏梅,1
司井夫,1
方文岩,1
刘海防,1
彭柏喜,1
葛建忠,1
施红旗,1
赵俊奖,1
张士杰,1
左石,1
郭永,1
杨运高,1
庄建华,1
徐东升,1
王宜宗,1
姜荣强,1
袁永,1
马坤,1
许洪伟,1
李野,1
杨晴,1
栗飞,1
付勇,1
王锡宏,1
蒋盛旦,1
叶乐,1
汤睿,1
周旭,1
张义,1
梅发光,1
曹建新,1
童文新,1
罗运仓,1
赵太行,1
罗国君,1
邵加庆,1
赵海平,1
张升宁,1
陈伯钧,1
玄勇,1
黄珩,1
王启弘,1
张文先,1
梁栋,1
赵益业,1
黄于凡,1
徐凛峰,1
郭江涛,1
孙玲,1
曾耀明,1
符伟国,1
祁洁,1
刘伯红,1
陈晓明,1
孟玲,1
程志强,1
鲁召欣,1
孙谊,1
闵大六,1
刘成海,1
苏浩波,1
王启梁,1
项廷淼,1
江自成,1
刘军委,1
范桂玲,1
冯志海,1
余建业,1
钱晓峰,1
刘霄,1
万峰,1
柳光宇,1
方力群,1
李瑞珍,1
吴登斌,1
邬一军,1
施海,1
蔺小贤,1
余建法,1
余文昌,1
谢财忠,1
朱金美,1
陈顺喜,1
赖淑华,1
郭跃跃,1
朱又华,1
薛明新,1
陈军,1
焦国庆,1
陆颖理,1
魏淑海,1
汪名权,1
林杰,1
朱敬之,1
余胜利,1
蔡瑞兴,1
赖静兰,1
王建设,1
冯世庆,1
潘宗奇,1
徐力善,1
吴伟东,1
李季,1
林国杰,1
孙西庆,1
倪和悟,1
刘凡,1
邢文华,1
徐林,1
刘玉宁,1
王晓平,1
张炜旸,1
曾敏,1
黄立安,1
张重阳,1
徐楚江,1
朱江帆,1
罗汉华,1
邵森,1
李立新,1
刘贵祥,1
吕亚军,1
周景辉,1
陈双,1
朱琳,1
孙冰,1
张德勇,1
闫继锋,1
焦力群,1
周玉汀,1
马乃篪,1
李志高,1
顾钧青,1
程爱群,1
晋大祥,1
艾福志,1
张临汇,1
于宝新,1
龚军,1
苏学旭,1
杨步流,1
范兴龙,1
李中玉,1
王义围,1
张庆,1
许国增,1
任东风,1
姜家康,1
龙飞伍,1
桑志成,1
毕建军,1
关天雨,1
王小元,1
王恩礼,1
李国强,1
孙现军,1
齐林,1
杜敏,1
徐江,1
庞桦进,1
郑玲,1
姚民武,1
杨德瑞,1
黄梅,1
张明香,1
张纪平,1
李森,1
孙蕾,1
谢其根,1
孙国林,1
王乾章,1
朱燕,1
余金龙,1
石彬,1
黄金昶,1
姚毅,1
黎伟文,1
杨成,1
毛家亮,1
黄荣卫,1
镇万新,1
许春进,1
居克举,1
苏宁,1
吕文强,1
张朋,1
班东杰,1
史颖弘,1
王永霞,1
周韶璋,1
沈立杰,1
潘锰,1
赵北永,1
柴仪,1
梁九根,1
张光武,1
吴其恺,1
赵永红,1
苏晶,1
熊伍军,1
尹纪光,1
郝延科,1
贺辰龙,1
佟怀宇,1
杨清默,1
王改非,1
周志明,1
彭俊生,1
陈双龙,1
刘晓永,1
王尚全,1
梁寒,1
程国何,1
唐武军,1
只向成,1
陈守华,1
王爱平,1
牛军强,1
张亚峰,1
胡任,1
窦小龙,1
谷军生,1
吴强,1
焦杨,1
罗珠林,1
张仕年,1
张作峰,1
聂秀,1
裴艳志,1
洪明,1
王宏山,1
鹿小燕,1
陈麒,1
耿惠杰,1
赵东波,1
石昌国,1
利云峰,1
郝洪升,1
陈绛青,1
张海阳,1
庄聪文,1
李东良,1
邱晓红,1
赵鹏飞,1
张变莲,1
姜向阳,1
刘双海,1
谢文杰,1
李晓召,1
章蓉娅,1
陈继跃,1
熊钢,1
陈聪,1
朱兰,1
邱伟民,1
罗永春,1
杨新伟,1
叶山东,1
于红卫,1
熊龙根,1
尤士杰,1
何祖蕙,1
贾中芝,1
周敬强,1
郜桂菊,1
李桂英,1
张洪新,1
汤铜,1
陈艾江,1
许树才,1
于志勇,1
王廷,1
梁兆晖,1
陆京伯,1
李宝山,1
宫卫东,1
姬广森,1
王绍光,1
杨鹰,1
孙静媛,1
肖喜荣,1
吴建华,1
刘文,1
孙春雷,1
许建林,1
王连才,1
朱传武,1
陈慧敏,1
孙聪,1
薛军,1
贾百灵,1
欧阳伟,1
陈春林,1
李智尧,1
李海涛,1
赵璐洋,1
赵建新,1
孟康,1
常树建,1
郭再玉,1
田伟明,1
李勇胜,1
赵帅,1
庞战军,1
张卫援,1
黄平,1
栗光明,1
王利娟,1
王玉东,1
刘海元,1
许小桦,1
林岩松,1
彭勃,1
王玉琨,1
展鹏远,1
翁文水,1
唐熠达,1
范保维,1
彭劼,1
谢世峰,1
翁泽林,1
严华,1
李学瑞,1
赵平武,1
任万华,1
陈良嗣,1
汪余勤,1
黄日太,1
关山,1
陈思伟,1
赵志宏,1
陈学清,1
张松,1
杨国旺,1
刘艳杰,1
贝绍生,1
张安秦,1
张力建,1
吴夏勃,1
柯雨洪,1
于世鹏,1
周立春,1
马望,1
彭林辉,1
刘文涛,1
王传庆,1
田纪伟,1
吴文,1
王季堃,1
何家林,1
孙喜太,1
霍枫,1
施慧,1
续哲莉,1
高碧燕,1
王文春,1
钟艳丹,1
黄仕荣,1
袁光辉,1
董洁,1
汪进益,1
徐冉,1
黄象望,1
贾凡,1
郑璐,1
杜青,1
陈建中,1
陶明春,1
李宪峰,1
万军,1
郝峻涛,1
钱伟,1
钱荣江,1
于正洪,1
宋毅,1
丁盛,1
肖红,1
张文忠,1
佟亮,1
顾伟民,1
黄乃祥,1
赵森,1
刘孝伟,1
李世刚,1
谢丹红,1
齐飞,1
谢勇丽,1
胡侦明,1
牛晓辉,1
侯荣山,1
柳围堤,1
漆泓,1
张弘,1
蔡贤华,1
张荣银,1
王立蓉,1
闵燕,1
樊宽鲁,1
王维化,1
张云杰,1
柏立群,1
郝玉曼,1
杨进军,1
顾树明,1
王宝峰,1
李秉璐,1
吕东霞,1
谢传魁,1
区煦东,1
马旭东,1
白文俊,1
任守松,1
李乾,1
吴鸣,1
杨华清,1
柴妤,1
王汝新,1
刘海,1
王旭,1
艾群,1
刘德山,1
乌立晖,1
袁成民,1
韦佳明,1
