人物,出现次数
肺癌,4790
治疗,4043
刘懿,4030
患者,3754
可以,3063
手术,2870
结节,2798
本文,2608
发表,2525
肺部,2322
没有,2118
如果,2070
一个,1972
这个,1911
医生,1773
不能,1763
诊断,1634
大家,1617
家属,1524
授权,1496
总医院,1432
天津医科大学,1430
转载,1370
未经,1368
请勿,1367
发现,1346
肿瘤外科,1344
使用,1330
问题,1330
健康,1318
比较,1318
科普,1270
依据,1260
谨慎,1245
仅供,1242
已读,1240
版权所有,1240
参阅,1240
电子计算机断层扫描,1225
就是,1190
需要,1189
自己,1175
我们,1136
医院,1042
转移,1028
现在,1004
化疗,1000
觉得,963
或者,940
肿瘤,927
之前,893
可能,892
对于,880
复查,842
还是,825
病理,822
这样,817
朋友,816
很多,787
进行,758
因为,736
有些,729
不是,718
靶向,713
一位,707
看到,667
效果,667
检查,646
考虑,642
之后,616
这位,613
片子,610
情况,589
咨询,581
胸部,574
一下,570
通过,563
报告,548
身体,545
已经,543
建议,532
今天,532
什么,530
切除,525
玻璃,511
知道,507
出现,499
症状,491
这里,483
检测,475
方案,465
药物,464
一些,458
经验,442
细胞,440
时候,438
结果,434
住院,434
突变,425
术后,425
晚期,423
出来,421
最近,418
观察,418
基因,417
其他,411
这种,408
腺癌,407
肯定,406
过来,401
早期,399
应该,397
门诊,395
两个,394
淋巴结,394
在线,392
不会,392
辅助,390
所以,390
临床,373
的话,366
占位,365
体检,361
联系,358
那么,354
当地,350
来说,350
影响,347
以及,343
告诉,342
一样,341
目前,341
还有,334
是不是,333
一定,327
发生,324
病情,324
大夫,324
病人,322
状态,314
并且,312
不好,310
可能性,307
属于,307
非常,302
选择,302
比如,302
虽然,298
女士,298
有没有,293
里面,292
病例,288
但是,285
认为,285
做手术,284
09,281
来看,278
时间,278
经过,274
恶性,272
穿刺,272
疾病,272
05,267
根据,266
资料,260
良性,259
胸腔,259
网上,257
感觉,255
具体,253
咳嗽,251
安排,251
几个,251
担心,248
几天,241
工作,239
了解,238
当然,237
一种,230
这些,227
当时,226
因此,226
正常,225
08,222
不要,222
恢复,221
引起,220
他们,219
诊室,217
存在,215
开始,212
确实,211
这是,211
起来,210
相关,209
不同,208
部位,205
厘米,205
包括,203
分期,202
只是,202
理解,202
毫米,201
2022,200
一点,200
怎么样,200
特别,199
关于,199
病灶,198
回家,198
短文,197
患教,197
病变,196
提供,196
来自,195
留言,195
下面,194
PET,194
即使,194
怎么,193
不到,192
分析,191
复发,190
今年,187
作为,186
继续,185
造成,184
首先,183
07,183
以后,182
一般,182
系统,179
标志物,179
概率,178
明显,178
直接,177
按照,177
里边,176
看看,176
过程,174
东西,173
显示,172
严重,172
www,172
haodf,172
com,172
升高,171
话题,171
03,171
积极,170
同时,170
定期,170
表皮生长因子受体一,169
关系,169
04,169
每个,169
有位,167
程度,166
意见,166
增强,166
吸烟,166
预约,165
看病,165
06,165
组织,165
三个,164
疼痛,163
13,163
右肺,162
胸膜,160
位置,160
放疗,160
最大,159
天津,158
口服,158
纵隔,157
沟通,156
研究,156
其中,155
发布,155
因素,155
下午,154
决定,153
切口,153
肺磨,152
01,152
进一步,151
就诊,151
真的,151
所有,150
很大,150
父亲,150
周期,150
肺叶,149
骨转移,148
变化,147
积液,147
有效,147
只有,146
一步,145
医保,145
科室,145
17,145
家里,144
处理,144
不管,144
替尼,144
增大,143
最好,143
常见,143
方面,141
一次,141
我会,141
控制,141
功能,141
原因,139
期间,139
为什么,139
帮助,139
能够,138
一年,137
出院,137
02,136
除了,136
确定,135
胸片,135
越来越,134
直径,134
发展,133
副反应,133
平时,132
前段时间,131
是否,131
进展,131
必要,131
多发,130
两年,130
问诊,129
一段时间,129
生活,128
全身,128
主管,128
尤其,128
第一,126
本身,126
一部分,125
一直,125
看起来,124
心理,124
紧张,123
降低,123
两天,123
颅脑,123
网站,123
方法,122
发给,121
推荐,121
免疫治疗,121
重要,120
只要,120
几年,120
简单,120
母亲,118
昨天,118
基本,118
每天,118
名字,118
回答,117
任何,117
主要,116
那个,116
一个月,115
第二,115
文章,115
加号,115
人群,115
左右,114
能力,114
微创,113
而是,113
血管,113
提到,113
看一看,112
癌症,112
这么,111
专家,111
丰富,110
核磁,110
作用,110
超过,109
敏感,109
去年,109
以前,109
探讨,109
支气管镜,108
大多数,107
甚至,107
不用,107
针对,107
这次,107
鳞癌,107
每周,106
风险,106
意义,105
容易,105
将来,105
观点,105
达到,104
局部,103
气管,102
中心,102
天津市,101
ALK,101
明确,100
以上,100
正规,99
休息,99
面诊,99
实性,98
恶性肿瘤,98
大概,98
免疫,98
心脏,98
搜索,98
两种,97
女儿,97
讲过,97
其实,97
完全,97
肺上,96
有时,96
专业,96
楼三楼,96
毕竟,95
胸腔镜,95
正在,95
切掉,94
关心,94
网络,94
时到,94
角度,93
于是,93
最终,93
打算,93
国内,93
说明,93
生存期,93
医者,93
出诊,93
不了,92
扫描,92
接受,92
反应,92
仁心,92
一起,91
是因为,91
随访,91
高危,91
指南,90
应用,89
确诊,88
第三代,88
周围,88
肺门,88
及时,88
一线,88
儿子,88
得到,88
等等,87
产生,87
五年,87
2016,87
平台,86
年龄,86
遇到,86
希望,86
之间,86
先生,86
像是,85
打开,85
再次,84
取得,84
每年,84
基因突变,84
本人,84
还要,84
感冒,84
性质,83
采用,83
到底,82
老先生,82
血小板,82
仍然,81
支气管,81
也许,81
判断,81
提出,81
另外,81
血常规,81
很小,80
22,80
常规,80
刚才,80
上市,80
不错,80
点击,80
找到,79
那样,79
为了,79
第一代,79
同样,79
范围,79
图文,79
头像,78
25,78
描述,78
类型,78
带来,78
目的,77
不敢,77
有关,77
之外,77
切除术,77
各位,77
多少,77
浏览器,77
一家,76
要求,76
表现,76
解决,76
耐药,76
仔细,76
注意,76
几率,76
提示,75
数值,75
称为,75
预后,74
外科医生,74
最后,74
报道,74
机会,73
什么样,73
处于,73
提醒,73
电话,73
方式,72
24,72
大姐,72
疫苗,72
然后,72
很少,71
26,71
解释,71
最新,71
哪个,71
一般来说,71
随着,71
老太太,71
一篇,70
成分,70
也就是说,70
下来,70
这时,70
左上,70
增加,70
大小,70
床位,70
个人,69
会诊,69
看过,69
就要,69
饮食,69
差别,69
憋气,68
后续,68
活动,68
条件,68
疗效,68
切下来,67
多岁,67
清楚,67
项目,67
只不过,67
经常,67
平扫,67
再有,67
50,66
28,66
哪怕,66
放射科,66
提前,66
家住,65
27,65
更加,65
拍片子,65
稳定,65
随时,65
在家,65
这部分,65
数据,65
阳性,65
在内,65
生存率,65
证实,64
代谢,64
心情,64
月份,64
23,64
信任,64
以下,64
排除,63
有点,63
三年,63
不想,63
生长,63
感染,63
一项,62
自费,62
能否,62
必须,62
查房,62
安全,62
发烧,62
电子,61
发过来,61
右侧,61
耽误,61
靠近,61
用药,61
没什么,61
异常,61
做过,61
肋骨,61
出血,61
肺炎,61
女性,61
单抗,61
白细胞,61
联合,60
左侧,60
价格,60
适应症,60
递交,59
地方,59
后来,59
消融,59
即便,59
春节,59
减少,59
王先生,58
原发,58
段时间,58
阶段,58
每位,58
中叶,58
医疗,58
两次,58
批准,58
29,57
缓解,57
适合,57
要说,57
不过,57
浸润,57
化验单,57
准备,57
前两天,57
做出,57
这点,57
突然,57
规律,56
客观,56
浸润性,56
一早,56
既然,56
炎症,56
经济,56
肾上腺,56
绝大多数,55
肝功能,55
各种,55
进入,55
一天,55
每次,55
马上,55
我国,55
实际,54
肝脏,54
只能,54
疫情,54
引流,54
中国,54
粘连,54
正式,54
延长,54
习惯,54
孩子,53
办理,53
将近,53
同行,53
接触,53
不大,53
别的,53
听听,53
心态,53
睡眠,53
单纯,52
第三,52
国产,52
差异,52
附近,52
普通,52
保证,52
估计,52
除外,52
分为,52
准确,52
标本,52
静脉,52
抗炎,51
男士,51
逐渐,51
外科,51
正常人,51
允许,51
血液,51
60,50
不行,50
未必,50
所谓,50
参考,50
质量,50
国家,50
影像学,50
长期,50
加重,50
剂量,50
谈谈,50
复制,50
形态,49
印象,49
水平,49
办法,49
100%,49
事情,49
一句,49
剧烈,49
明天,49
回来,49
评估,48
外周,48
神经,48
正常值,48
用于,48
免疫力,48
根本,48
体积,48
新冠,48
心里,48
生存,48
内科,48
链接,48
形成,48
年轻,47
纳入,47
实际上,47
第一次,47
今天上午,47
重视,47
整体,47
加上,47
远处,47
筛查,47
评价,47
之所以,47
介绍,47
李先生,47
半年,46
至少,46
家庭,46
过去,46
胸水,46
老年人,46
想象,46
互联网,46
照片,46
更好,46
当天,46
进来,46
甲状腺,46
采取,46
总结,46
指标,46
腹泻,46
持续,45
不少,45
部分,45
一看,45
一周,45
没法,45
好好,45
放心,45
几乎,45
差不多,45
体会,45
难受,45
理论,45
合适,45
https,45
意愿,44
内容,44
大部分,44
叫做,44
长大,44
中期,44
避免,44
自身,44
各个,44
癌胚抗原,44
分化,44
31,44
想到,44
兴趣,43
对比,43
密度,43
安慰,43
充分,43
从来,43
河北省,43
广泛,43
肿块,43
听说,43
电脑,43
侵犯,43
下降,43
生命,43
大娘,43
本来,42
正好,42
那种,42
不如,42
发病率,42
完成,42
查体,42
服务,42
类似,42
结束,42
符合,42
器官,42
胸壁,42
男性,42
发在,41
几位,41
这边,41
挂号,41
年轻人,41
家人,41
左下,41
喜欢,41
二者,41
拆线,41
病房,41
大爷,41
损伤,41
晚上,40
顺利,40
看上去,40
知识,40
诊疗,40
登录,40
原发性,40
比较稳定,40
手段,40
配合,40
小时,40
核酸,40
道理,40
开胸,40
身上,40
由于,39
代表,39
病历,39
第二代,39
不再,39
满意,39
多年,39
腹部,39
那时,39
需不需要,39
护士,39
干净,39
无法,39
曾经,39
稍微,39
导致,39
危险,39
北京,39
乳腺癌,39
2018,39
改变,38
亲人,38
合并症,38
规范,38
有着,38
如果说,38
一侧,38
支持,38
听到,38
咱们,38
否则,38
提高,38
购买,38
问问,37
住院治疗,37
痛苦,37
比例,37
抽烟,37
方便,37
化验,37
相信,37
病史,37
打新冠,37
三甲,37
耐受,37
排查,37
绝对,37
标准,37
53,36
陪伴,36
反复,36
胸闷,36
那些,36
保守,36
制定,36
手机,36
细致,36
59,36
严格,36
篇文章,36
申请,36
机理,36
止疼药,36
钙化,36
说法,36
治愈,36
阿来,36
类癌,36
阿法,36
比如说,35
基本上,35
怎么办,35
长得,35
这份,35
单位,35
57,35
死亡率,35
日常,35
肺内,35
做到,35
专门,35
特殊,35
相对,35
食物,35
2017,35
有所,34
早上,34
是从,34
计划,34
典型,34
减轻,34
就医,34
传统,34
很快,34
丙酮酸脱氢酶,34
亲属,34
几次,34
意思,34
各位朋友,34
70,34
35,33
距离,33
45,33
吃药,33
拿到,33
三种,33
之一,33
而已,33
中午,33
46,33
某些,33
结论,33
吃饭,33
愈合,33
关键,33
原位癌,33
综合,33
43,33
白蛋白,33
体质,33
奥希替,33
美国,33
清扫,33
接下来,32
面对,32
大量,32
整个,32
性格,32
表示,32
做不了,32
明白,32
实在,32
舒服,32
经历,32
主任,32
经验丰富,32
经典,32
37,32
真实,32
中有,32
没事,32
替代,32
总是,32
信息,32
具体情况,32
回去,32
指导,32
六十多岁,32
说话,32
操作,32
体内,32
纵膈,32
官网,32
世界,31
肺里,31
上网,31
害怕,31
一会儿,31
几种,31
看着,31
别人,31
彻底,31
别说,31
54,31
少见,31
罕见,31
重新,31
业内,31
二线,31
补充,31
结核,31
融合,31
电脑系统,31
受到,31
微小,31
开放,31
58,31
起到,31
负担,31
内分泌,31
连续,30
截图,30
血压,30
周一,30
变成,30
这时候,30
55,30
后面,30
怀疑,30
太大,30
既往,30
人们,30
金属,30
四个,30
中药,30
才能,30
放化疗,30
阴性,30
焦虑,30
不太,30
成为,30
例子,30
BRAF,30
服用,30
腋窝,30
可不可以,29
分别,29
来讲,29
调整,29
伴有,29
根治性,29
细节,29
祝愿,29
初诊,29
困难,29
网友,29
表达,29
00,29
阅读,29
前提,29
并不大,29
获得,29
相应,29
好像,29
乐观,29
过度,29
恶心,29
共同,29
等待,29
49,29
妈妈,29
非小,29
昨天晚上,28
特点,28
癌前,28
为准,28
41,28
80,28
外显子,28
上面,28
理念,28
社会,28
认知,28
动态,28
所在,28
48,28
审批,28
34,28
骨骼,28
遗憾,28
并发症,28
医学,28
给予,28
癌细胞,28
讨论,28
发病,28
输液,28
正确,28
第一个,28
过年,28
半个,28
信心,28
钉子,28
死亡,28
肝肾,28
下叶,27
抓紧,27
意识,27
看不到,27
药都,27
答案,27
回复,27
速度,27
不小,27
增高,27
流程,27
基础,27
皮肤,27
缩小,27
以来,27
间隔,27
多久,27
年前,27
互相,27
打电话,27
运动,27
多次,27
关注,27
结合,27
手术过程,27
具有,27
影像,27
消化道,27
国外,27
领域,27
阅片,27
学习,27
称之为,27
高血压,27
做个,27
心肺,27
38,26
推测,26
36,26
旁边,26
告诉您,26
掌握,26
三厘米,26
刘女士,26
消炎药,26
不高,26
多厘米,26
一张,26
进口,26
统计,26
消炎,26
技术,26
39,26
外地,26
频繁,26
有效率,26
还会,26
T790M,26
显著,26
阿司匹林,26
变小,26
活多久,26
左肺,26
这类,26
证据,26
结构,26
脱发,26
记录,25
咯血,25
血丝,25
果然,25
不论是,25
完整,25
理由,25
56,25
反而,25
交流,25
谈到,25
主动,25
上次,25
换句话说,25
王女士,25
获批,25
禁忌症,25
尝试,25
呼吸,25
强烈,25
同意,25
认真,25
呕吐,25
纠结,25
样子,25
IIIA,25
药是,25
两位,25
脑部,25
除非,25
预防,25
循环,25
活检,25
缝合,25
说明书,25
粉丝,24
最高,24
长假,24
42,24
医患,24
共识,24
全国,24
上班,24
鼓励,24
慢性,24
现实,24
消散,24
肿物,24
更为,24
IA,24
再说,24
转天,24
做好,24
增多,24
概念,24
有的是,24
最为,24
恐惧,24
克唑,24
易瑞沙,24
造影剂,24
对话,23
临床试验,23
前后,23
想着,23
全身检查,23
小伙子,23
这样的话,23
寿命,23
回到,23
商议,23
52,23
32,23
压力,23
管理,23
不像,23
诊治,23
33,23
为主,23
相当于,23
老百姓,23
今天下午,23
坚持,23
接种,23
好几个,23
日子,23
中草药,23
熟悉,23
文献,23
情绪,23
一代,23
切出来,23
那里,23
合并,23
刺激,23
原则,23
心脑血管,23
平均,23
扩散,23
打针,23
二维码,23
骨髓,23
发生率,23
特异性,23
清晰,22
偶然,22
或者说,22
准确度,22
红色,22
虚弱,22
喝酒,22
密切,22
好事,22
认识,22
给出,22
第一腰椎,22
接着,22
声音,22
感谢,22
上来,22
气胸,22
陪护,22
以为,22
上午,22
双肺,22
51,22
见到,22
假设,22
给我发,22
不论,22
可是,22
头疼,22
交代,22
糖尿病,22
记得,22
培美曲,22
冠心病,22
抗体,22
囊肿,22
粒细胞,22
肌肉,22
特罗,22
维持,21
初步,21
途径,21
种植,21
位于,21
接诊,21
播散,21
去世,21
哪些,21
上周,21
尽量,21
多种,21
感受,21
想法,21
丈夫,21
开药,21
过得,21
消失,21
外面,21
解答,21
快速,21
全面,21
47,21
这方面,21
心包,21
前面,21
一致,21
脑梗,21
CEA,21
关系不大,21
急性,21
丰度,21
第四,21
空腹,21
有过,20
图像,20
崩溃,20
争取,20
愿意,20
颜色,20
软组织,20
报销,20
哪种,20
放松,20
头晕,20
有个,20
改善,20
另一家,20
杀灭,20
厉害,20
自然,20
思路,20
不适,20
事儿,20
发作,20
喉癌,20
等到,20
不太可能,20
比较慢,20
之内,20
双侧,20
着急,20
获益,20
哪里,20
尊重,20
肺脏,20
特地,20
科技,20
相同,20
慢性病,20
高于,20
今后,20
化疗药,20
释放,20
吸收,20
微信,20
全肺,20
趋势,19
参加,19
针对性,19
看待,19
城市,19
老伴,19
刘先生,19
三代,19
收到,19
半年前,19
详细,19
伤口,19
推断,19
开心,19
病理科,19
开展,19
来定,19
受不了,19
抽血,19
总体,19
内科医生,19
相反,19
精神,19
假期,19
看来,19
过敏,19
指征,19
心理压力,19
引发,19
便宜,19
国庆节,19
皮疹,19
看法,19
实验,19
抑制,19
慢慢,19
近期,19
强化,19
专科医院,18
居多,18
中间,18
接近,18
不太好,18
第二个,18
大不大,18
一旦,18
机构,18
别看,18
媒体,18
现象,18
周末,18
嘱咐,18
社区,18
转移性,18
叶酸,18
成熟,18
逐步,18
支出,18
药品,18
涉及,18
姐姐,18
礼拜,18
三天,18
现有,18
这项,18
学科,18
达拉,18
饮酒,18
代替,18
双倍,18
唯一,18
全麻,18
不光,18
III,18
区分,18
伤害,18
胸外科,18
三周,18
面临,18
意外,18
嘱托,18
良好,18
黏膜,18
抑制剂,18
注射,18
ECT,18
酸性,18
红细胞,18
障碍,18
山东,18
理想,18
下方,18
我下,17
血糖,17
文字,17
血管瘤,17
判定,17
不让,17
有磨,17
难度,17
看不出来,17
直到,17
体检中心,17
抵触,17
很差,17
陈女士,17
奇怪,17
进步,17
不断,17
费用,17
下去,17
难以,17
想起,17
右上,17
44,17
图片,17
人员,17
抑郁,17
一盒,17
放在,17
相当,17
负责,17
空腔,17
少量,17
巨大,17
我要,17
分布,17
胃镜,17
TNM,17
西柚,17
靶点,17
生命危险,17
非典型,17
深入,17
高度,17
取出,17
机体,17
赠药,17
切割,17
香烟,17
淋巴,17
百分之百,17
RET,17
自愈,17
氢气,17
雾化,17
混合型,16
老人,16
人生,16
团队,16
大规模,16
辐射,16
拍过,16
滨海新区,16
评论,16
轻微,16
七种,16
有人,16
好转,16
问到,16
神经外科,16
内心,16
十几年,16
精心,16
随便,16
比较严重,16
地塞米松,16
思想,16
处方,16
来到,16
下肢,16
增长,16
例行,16
总会,16
新发,16
讲究,16
最佳,16
改成,16
三次,16
出于,16
两组,16
天气,16
MET,16
对方,16
进食,16
昂贵,16
入院,16
术前,16
二手烟,16
原位,16
至于,16
锁骨,16
危及,16
抗生素,16
医嘱,16
前体,16
机器,16
据统计,16
敏感性,16
司机,16
知情,15
单药,15
治病,15
事件,15
肺动脉,15
轻度,15
看得出来,15
II,15
水果,15
腹腔,15
颈部,15
表明,15
妻子,15
cm,15
尽快,15
未来,15
楔形,15
一名,15
努力,15
颅内,15
病理学,15
后悔,15
一是,15
非要,15
麻烦,15
两点,15
阻塞性,15
坏死,15
水肿,15
本土,15
表格,15
周日,15
消息,15
一个多月,15
下次,15
具备,15
拿掉,15
环境,15
分享,15
光滑,15
巩固,15
缺乏,15
提交,15
脑子,15
可怕,15
科学,15
出发,15
类药物,15
度过,15
时机,15
麻醉,15
安罗替,15
这句,15
那位,15
态度,15
对此,15
直线,15
老师,15
活性,15
监护室,15
围术期,15
策略,15
失去,15
列举,15
可行,15
命运,15
胃泌素,15
抗肿瘤,15
含有,15
四种,15
心功能,15
从中,15
蛋白,15
它们,15
国际,15
2015,15
憩室,15
打个比方,15
烧香,15
重症,14
省市,14
同事,14
张女士,14
好几位,14
空洞,14
很长,14
就让,14
手里,14
生成,14
一方面,14
过于,14
体现,14
哪家,14
呼吸科,14
好奇,14
真正,14
倒退,14
块钱,14
这件,14
65,14
外表,14
题目,14
快乐,14
不变,14
更何况,14
五天,14
间皮瘤,14
医护人员,14
对待,14
表面,14
价值,14
甲状腺癌,14
开朗,14
好处,14
急症,14
不可,14
药店,14
不利,14
阿美,14
高龄,14
证明,14
不算,14
备案,14
提个醒,14
感兴趣,14
那天,14
恰当,14
创伤,14
综合症,14
思考,14
疑惑,14
IIIC,14
病友,14
切缝器,14
协会,14
血栓,14
决心,14
六个月,14
低剂量,14
天天,14
混合性,14
两侧,14
乏力,14
差距,14
支付,14
第五,14
分子,14
呼吸道,14
国内外,14
健身,14
辣椒,14
二甲,14
杨大爷,14
IIIa,14
一处,13
肌无力,13
骨科,13
那家,13
外院,13
模式,13
麻醉师,13
IB,13
更大,13
多长时间,13
另一方面,13
照顾,13
七十岁,13
一层,13
妇科,13
不吃,13
亲戚,13
看出,13
同一个,13
盲吃,13
一遍,13
极大,13
机器人,13
一小,13
知名,13
父母,13
多饮水,13
回事,13
二十年,13
前天,13
同步,13
要是,13
傍晚,13
床上,13
拍个,13
母细胞,13
长时间,13
误区,13
阴影,13
保护性,13
足够,13
手术室,13
NSE,13
取到,13
降压药,13
降到,13
其次,13
几期,13
第三个,13
定义,13
在术,13
坚决,13
一晃,13
今晚,13
对侧,13
几十年,13
遗传,13
门特,13
激素,13
疗程,13
八个,13
周先生,13
一点点,13
问世,13
无非,13
老人家,13
胸疼,13
睡觉,13
享受,13
英文,13
箭头,13
分泌物,13
原理,13
动脉,13
合理,13
几家,13
放弃,13
营养,13
凝血,13
10%,13
常用,13
抗癌,13
黄金,13
小鼠,13
Ib,13
舌头,13
含量,13
流感,13
文物,13
ALT,13
铁蛋白,13
移植,13
炎性,12
不止,12
理性,12
剖开,12
癌性,12
到时候,12
哪位,12
解读,12
液体,12
腰疼,12
后背,12
管控,12
一份,12
更新,12
统一,12
规定,12
机制,12
一查,12
武清区,12
恢复正常,12
对我讲,12
状况,12
显得,12
形容,12
受罪,12
后要,12
性病变,12
片状,12
诸如,12
顺序,12
单独,12
携带,12
离开,12
利用,12
也好,12
本能,12
上长,12
上海,12
1.5,12
人生观,12
含义,12
对症,12
传染,12
体重,12
胶片,12
一块,12
设计,12
今年年初,12
发到,12
罹患,12
个体,12
肺大泡,12
食管,12
新药,12
单从,12
三线,12
讲解,12
子女,12
嘶哑,12
充满,12
步骤,12
常说,12
一根,12
肺栓塞,12
想要,12
依靠,12
错构瘤,12
家族史,12
摄入,12
紫杉醇,12
李女士,12
减低,12
层面,12
气体,12
不够,12
控制率,12
损害,12
副作用,12
参与,12
冲突,12
变得,12
由此可见,12
插管,12
咽喉部,12
残留,12
吸烟史,12
流行,12
体外,12
食材,12
人体,12
劳拉替,12
点评,12
镇痛,12
昨晚,11
神经内科,11
骨折,11
两处,11
地步,11
商量,11
增生,11
中带,11
就行,11
那有,11
能活,11
劳累,11
检查和,11
子宫,11
倾向,11
比较关心,11
中年,11
再切,11
多一点,11
保持,11
多活,11
随诊,11
赶上,11
当做,11
找个,11
一切,11
实现,11
各地,11
间断,11
中写,11
背景,11
乃至,11
吃点,11
肿大,11
强度,11
回顾,11
内蒙古,11
如何,11
重复,11
系统性,11
根治,11
出门,11
彩超,11
见过,11
暂时,11
早点,11
肝癌,11
致癌,11
比起,11
通知,11
临床实验,11
一对,11
政策,11
询问,11
自觉,11
节日,11
头痛,11
器械,11
定位,11
换药,11
同侧,11
加强,11
得出,11
问过,11
仅凭,11
两张,11
大致,11
IIB,11
换言之,11
肺段,11
剩下,11
很难,11
怀孕,11
带有,11
适度,11
体温,11
抗原,11
经皮,11
评分,11
年版,11
胃肠,11
咳痰,11
120,11
良性肿瘤,11
持续性,11
所说,11
偏差,11
承担,11
核磁共振,11
五个,11
支架,11
吉非,11
轻松,11
增厚,11
重点,11
毫克,11
电解质,11
戒烟,11
尿酸,11
海绵,11
奥司,11
心房,11
减小,10
试验,10
还给,10
远远,10
中晚期,10
牵拉,10
右下,10
引出来,10
第三种,10
少数,10
想来,10
值得,10
胸骨,10
误诊,10
断定,10
用来,10
脑出血,10
越来越重,10
当面,10
可见,10
固定,10
双方,10
五十岁,10
四十岁,10
熟知,10
花费,10
回报,10
很近,10
管用,10
结婚,10
后天,10
一共,10
宣传,10
部长,10
人士,10
达芬奇,10
尽可能,10
地区,10
年底,10
相比,10
就算,10
这才,10
昨天下午,10
一辈子,10
直观,10
测量,10
发热,10
受累,10
把握,10
坏事,10
一系列,10
挤压,10
受损,10
一段,10
无症状,10
措施,10
买药,10
叮嘱,10
血液学,10
陌生,10
兄弟,10
下边,10
分数,10
从来不,10
发现自己,10
困扰,10
多见,10
息肉,10
就是指,10
小于,10
称呼,10
这家,10
葡萄糖,10
疑问,10
短期内,10
精准,10
独特,10
不得了,10
观察期,10
接待,10
办公室,10
最低,10
再用,10
才行,10
陪同,10
结节病,10
耐心,10
新鲜,10
取血,10
用到,10
出去,10
IIA,10
嗓子,10
总之,10
六年,10
夫妻,10
间质性,10
保留,10
先后,10
具体分析,10
一把,10
特征,10
普外科,10
何时,10
从事,10
KRAS,10
心梗,10
心绞痛,10
寻找,10
大学,10
孤立,10
肠道,10
胡大爷,10
止血,10
写过,10
遭罪,10
五十多岁,10
无论,10
肠癌,10
乙肝病毒,10
公认,10
一例,10
混合,10
谈过,10
物质,10
度伐利,10
危害,10
射线,10
认可,10
之类,10
如此,10
20%,10
艾滋病,10
气道,10
配置,10
空气,10
动物,10
转氨酶,10
元素,10
贫血,10
依赖于,9
出头,9
一批,9
外伤,9
毛刺,9
不规则,9
交费,9
观念,9
脑梗塞,9
开车,9
迹象,9
64,9
十分,9
一大,9
渠道,9
药有,9
不久,9
系列,9
进而,9
最新版,9
精神状态,9
并不知道,9
成功,9
付出,9
解剖,9
感染性,9
二十,9
六十岁,9
首次,9
吸氧,9
早就,9
时期,9
分成,9
是非,9
临近,9
每家每户,9
陆续,9
赵先生,9
复习,9
探查,9
拍片,9
高密度,9
很多年,9
承受,9
活着,9
停止,9
来不及,9
值班,9
普遍,9
一类,9
非尼,9
生活习惯,9
征得,9
之中,9
讲讲,9
查一查,9
压迫,9
不治,9
囊性,9
举个,9
缩短,9
康复,9
多一些,9
呼吸困难,9
呼吸机,9
区别,9
行业,9
八年,9
拿出,9
IIIB,9
国庆,9
发出,9
基于,9
人财两空,9
留下,9
自行,9
残存,9
不住,9
还好,9
成本,9
程序,9
两周,9
错误,9
时会,9
有限,9
100,9
当中,9
太小,9
生物,9
仔细阅读,9
人会,9
我用,9
完善,9
强调,9
中位,9
而言,9
越大,9
越高,9
刚刚,9
广东,9
80%,9
拿不准,9
必然,9
警惕,9
来源于,9
白色,9
留在,9
暴露,9
比喻,9
肺窗,9
第一种,9
限定,9
新闻,9
适当,9
精彩内容,9
这儿,9
骨头,9
抗癌药,9
头发,9
综合征,9
主要矛盾,9
俗称,9
管子,9
部门,9
第二次,9
拍摄,9
肝炎,9
促进,9
休克,9
会长,9
可惜,9
全院,9
十年,9
一片,9
优势,9
烟雾,9
治愈率,9
5%,9
脱落,9
肾脏,9
排气,9
成绩,9
放射性,9
吸入,9
郭先生,9
不良反应,9
游泳,9
坐飞机,9
尼古丁,9
排出,9
染发剂,9
生化,9
危险性,9
紊乱,9
鱼虾,9
炎症性,8
山东省,8
成年人,8
算是,8
摄取,8
教科书,8
瘤子,8
答复,8
展示,8
起初,8
几项,8
包含,8
临床意义,8
76,8
五一,8
急诊,8
毫升,8
看不清,8
故事,8
四十,8
聊天,8
这周,8
开通,8
再进一步,8
很强,8
私人,8
一件,8
67,8
满足,8
实体,8
好不好,8
竟然,8
感染者,8
住院部,8
一楼,8
200,8
肺大,8
药用,8
花钱,8
去年底,8
比较简单,8
博士,8
数字,8
高兴,8
我刚,8
毕业,8
多西,8
维生素,8
面谈,8
截止,8
力量,8
达标,8
接通,8
通过观察,8
以至于,8
内部,8
南方,8
硬化性,8
学医,8
单发,8
价值观,8
监测,8
七个,8
防治,8
指数,8
分离,8
意味着,8
现实生活,8
顺畅,8
限制,8
病区,8
真是,8
省得,8
工作人员,8
L858R,8
超声,8
82,8
白天,8
加剧,8
慎重,8
没想到,8
纯磨,8
曲美替,8
试试,8
看得,8
查完,8
进去,8
不良,8
后果,8
调查,8
建立,8
气氛,8
急迫,8
喝点,8
过节,8
除此之外,8
免疫组化,8
黄痰,8
乳腺,8
能比,8
上腔,8
不见,8
优质,8
更是,8
几分钟,8
左边,8
早到,8
不准,8
四年,8
IA3,8
大于,8
不得,8
好几年,8
十个月,8
胸痛,8
全程,8
家族,8
离世,8
PICC,8
禁止,8
早餐,8
血氧,8
前一天,8
她们,8
再长,8
各大,8
露出,8
实质,8
温度,8
头部,8
困惑,8
一两年,8
终于,8
期待,8
再也,8
血检,8
中秋节,8
文件,8
胃口,8
切断,8
注意力,8
停药,8
干什么,8
1.4,8
儿女,8
第二种,8
车祸,8
七十多岁,8
王大爷,8
不但,8
并不多,8
紧急,8
上会,8
一半,8
心电图,8
潜在,8
截至,8
预计,8
旅游,8
麻药,8
腰椎,8
一万元,8
口腔,8
肝细胞,8
一组,8
层厚,8
变大,8
信迪利,8
订书,8
阿替,8
利珠,8
30%,8
细菌,8
当作,8
V600E,8
美替,8
受益,8
血行,8
怎么回事,8
职业,8
泌尿外科,8
渗血,8
口子,8
淋巴细胞,8
谈话,8
血浆,8
会员,8
不全,8
老爷子,8
争议,8
剩余,8
主刀,8
研制,8
从而,8
蟑螂,8
复杂,8
分类,8
平衡,8
AST,8
大约,8
脑水肿,8
镜检查,8
苏醒,8
欠佳,8
左全,8
低钠血症,8
被动,8
状指,8
胡萝卜素,8
各有,7
不必要,7
线上,7
免费,7
一做,7
收治,7
眼里,7
中文,7
一时,7
淋巴管,7
B超,7
边缘,7
北辰区,7
初次,7
一倍,7
一套,7
模糊,7
年初,7
学生,7
永远,7
紧紧,7
癌变,7
弄清楚,7
66,7
无形中,7
预定,7
特定,7
关联性,7
心肌,7
生育,7
写明,7
神医,7
成果,7
新长,7
一本,7
对不上,7
那边,7
多么,7
双下肢,7
心率,7
频率,7
气温,7
切片,7
病理切片,7
发了,7
做主,7
预处理,7
要轻,7
一台,7
作出,7
实体肿瘤,7
那要,7
拿给,7
位点,7
50%,7
造福,7
通话,7
现场,7
发上来,7
大多,7
不早了,7
周六,7
似乎,7
氧疗,7
另一侧,7
肩膀,7
天津人,7
点多,7
1.2,7
少部分,7
肉眼,7
上叶,7
鉴别,7
不管怎么,7
数量,7
哪天,7
查出,7
强大,7
锻炼,7
食欲,7
女孩,7
40%,7
一声,7
两倍,7
毋庸置疑,7
普及,7
事实,7
后边,7
感冒药,7
癫痫,7
依赖,7
收益,7
放假,7
宝坻区,7
魏先生,7
间隔时间,7
手指,7
不停,7
越长,7
镜取,7
忽视,7
攀升,7
更高,7
要长,7
跟着,7
房间,7
实情,7
中是,7
结算,7
某种,7
发达,7
矛盾,7
过多,7
一向,7
老年,7
安全性,7
取决于,7
肺静脉,7
离断,7
复印,7
猝死,7
临床实践,7
70%,7
姥姥,7
认同,7
大便,7
身体状况,7
消融术,7
大小不等,7
思维,7
蛋白质,7
一两个,7
400,7
经济负担,7
其它,7
这两项,7
达克,7
开口,7
扩大,7
收集,7
多篇,7
短短,7
肺不张,7
前要,7
对象,7
级别,7
鳞状,7
赘述,7
这篇,7
极低,7
G12C,7
买到,7
不仅,7
68,7
人类,7
间期,7
女性朋友,7
半夜,7
时代,7
热点,7
口服药物,7
面前,7
不疼,7
CTC,7
药能,7
相关性,7
考上,7
高考,7
喘气,7
迅速,7
查查,7
动作,7
坐在,7
没错,7
那句话,7
一少部分,7
听诊,7
各家,7
我时,7
医师,7
医务人员,7
及时发现,7
行为,7
期小,7
全球,7
工作量,7
拔牙,7
这样一来,7
几点,7
心律失常,7
口服药,7
肿瘤科,7
开刀,7
溶栓,7
根治术,7
局限,7
复苏,7
居住,7
蓄积,7
双人间,7
般的,7
对照,7
确认,7
胳膊,7
上下,7
CR,7
SD,7
简称,7
不足,7
好消息,7
疑虑,7
切开,7
淋巴瘤,7
十天,7
肾功能,7
睡不着,7
学者,7
鉴定,7
积累,7
主意,7
破坏,7
渗液,7
减量,7
不张,7
输注,7
爱好,7
换成,7
升白针,7
PCT,7
万事如意,7
药后,7
据说,7
血性,7
唱歌,7
在于,7
走路,7
定论,7
第七,7
严重者,7
骨肉瘤,7
上传,7
制剂,7
上升,7
MIA,7
盐水,7
浓度,7
分泌,7
欧洲,7
漏气,7
皮下,7
病毒,7
低血压,7
见面,7
吸烟者,7
累及,7
二十一天,7
烟油,7
智力,7
宣教,7
有利于,7
夜间,7
博物馆,7
止疼,7
组织学,7
心肌梗死,7
顺铂,7
粒子,7
赵大姐,7
72,6
69,6
征象,6
口气,6
恐慌,6
三维重建,6
启示,6
交通,6
东北,6
结果显示,6
62,6
烯醇,6
化酶,6
不要紧,6
先到,6
腿疼,6
员工,6
致密,6
最多,6
几句,6
六十,6
错过,6
有脑,6
植入物,6
小孩,6
临床表现,6
较前,6
乳头,6
年代,6
下班,6
一条,6
自由,6
无论是,6
唐山市,6
愿望,6
时间段,6
无所谓,6
不看,6
列表,6
加在一起,6
肺病,6
幸运,6
高科技,6
多数,6
力争,6
自理,6
卧床,6
扩张,6
掉以轻心,6
先给,6
棘手,6
节日快乐,6
第一天,6
降价,6
中年人,6
覆盖,6
河南,6
多大,6
中说,6
急于,6
活跃,6
90,6
可想而知,6
穿越,6
随意,6
病程,6
长到,6
六点,6
周边,6
衰竭,6
后期,6
省份,6
执行,6
颁布,6
试一试,6
二代,6
在意,6
专业性,6
照过,6
椎体,6
对付,6
肺结核,6
好人,6
江苏省,6
提升,6
软件,6
七年,6
负面,6
早晨,6
综合性,6
各自,6
例数,6
日常生活,6
取消,6
跑过来,6
地位,6
验证码,6
尺寸,6
老公,6
妹妹,6
对应,6
63,6
交给,6
愉快,6
消化,6
用点,6
第三天,6
消除,6
对照组,6
年资,6
685,6
我发,6
78,6
说出,6
男女,6
两家,6
第一张,6
输入,6
肢体,6
语言,6
以免,6
中央,6
弟弟,6
幸福,6
牙疼,6
这有,6
上述,6
除夕,6
变窄,6
区域,6
略微,6
1000,6
腋下,6
不幸,6
投入,6
逐年,6
更差,6
来源,6
元旦,6
露面,6
右边,6
圆圈,6
难免,6
全部,6
收获,6
辛辣,6
科学依据,6
简直,6
认定,6
刀刃,6
读懂,6
钛合金,6
早治,6
成员,6
将会,6
万一,6
人家,6
肺类,6
体力,6
顾虑,6
普通人,6
治不好,6
身份证,6
口罩,6
拉长,6
九月份,6
复发率,6
一支,6
N2,6
先进,6
有利,6
遵守,6
一般来讲,6
替尼是,6
及时处理,6
太多,6
灰心,6
前有,6
外科手术,6
多个,6
烟民,6
觉得很有,6
假如,6
病因,6
磷酸,6
地球,6
取得联系,6
名叫,6
中会,6
开好,6
查出来,6
胃肠道,6
发胀,6
打过,6
咨询电话,6
激发,6
集中,6
肺活量,6
极少,6
刀口,6
药要,6
规划,6
会想,6
吵架,6
院外,6
失常,6
一再强调,6
气短,6
无效,6
声带,6
每种,6
爆发,6
循证,6
哪儿,6
一万五,6
七十,6
霍先生,6
排队,6
心内科,6
全世界,6
渗出,6
担忧,6
小事,6
神经科,6
栓塞,6
抗凝,6
呼吸衰竭,6
见解,6
监护,6
影视剧,6
空调,6
过分,6
看电视,6
所致,6
廖先生,6
喉镜,6
暗示,6
完全缓解,6
干扰,6
前者,6
PR,6
后者,6
全称,6
导管,6
血红蛋白,6
外边,6
近年来,6
非尼和曲,6
阅览,6
生产,6
看能,6
穿刺针,6
医务,6
工作者,6
送检,6
埃克,6
主动脉,6
信任度,6
奇迹,6
我妈,6
预示,6
装置,6
遮挡,6
安置,6
拔掉,6
杨先生,6
汽车,6
透彻,6
开个,6
图表,6
依托,6
通俗,6
2%,6
血细胞,6
裂开,6
湖北,6
十个,6
34.8,6
雌激素,6
入学,6
假牙,6
期肺,6
无力,6
60%,6
气肿,6
65%,6
伊立,6
排泄,6
分级,6
敏感度,6
充气,6
色素,6
凯美纳,6
成型,6
商品,6
撑开,6
等级,6
考生,6
亲戚朋友,6
西柚汁,6
白血病,6
细胞学,6
聚集,6
上路,6
多维,6
肋间,6
试水,6
冰帽,6
头皮,6
姑息,6
明胶,6
近距离,6
会高,5
变淡,5
黑龙江省,5
眼皮,5
可取,5
这下,5
家里人,5
放下,5
间歇期,5
AAH,5
病是,5
处理意见,5
维度,5
镜下,5
文字描述,5
心来,5
廊坊市,5
水中,5
请教,5
几句话,5
加入,5
规则,5
胸透,5
沧州市,5
忍受,5
半前,5
胸廓,5
标注,5
长命百岁,5
一百岁,5
恶变,5
规范化,5
一眼,5
低龄化,5
搭配,5
演化过程,5
细心,5
大厅,5
公众,5
如下,5
送到,5
如期,5
路上,5
抱怨,5
多花,5
领导,5
这行,5
明显改善,5
干咳,5
现代医学,5
当初,5
尽力,5
照个,5
深入人心,5
七八,5
动力,5
不太大,5
挽救,5
他赛,5
非得,5
很慢,5
疗法,5
云南省,5
重庆,5
北方,5
里长,5
记住,5
肺脓肿,5
南开区,5
呈现,5
要开,5
寻求,5
不上,5
安心,5
脖子,5
凸起,5
ki,5
90%,5
下载,5
客服,5
提问,5
远离,5
小小的,5
审核,5
环节,5
科研,5
成团,5
不可否认,5
蓟州,5
消瘦,5
小区,5
突发,5
轻易,5
两三,5
下周一,5
好坏,5
甲胎蛋白,5
效应,5
感到,5
互动,5
比较忙,5
肚子,5
看不清楚,5
姓名,5
唯独,5
岁数,5
变实,5
住院医生,5
折腾,5
两到,5
回信,5
签字,5
三位,5
最合适,5
这来,5
好几种,5
退烧药,5
偏晚,5
商量一下,5
致癌物,5
毒性,5
波动,5
俗话说,5
心理准备,5
基数,5
胆囊,5
伽马刀,5
混杂,5
损失,5
首选,5
再换,5
名词,5
多组,5
无助,5
大大的,5
一小部分,5
喉返,5
决定性,5
真快,5
湖南,5
太高,5
N3,5
七点,5
一面,5
禁忌,5
罢了,5
适用,5
保护,5
帖子,5
线状,5
病案,5
印证,5
早诊,5
八成,5
列为,5
纤维化,5
同一,5
谈不到,5
不长,5
500,5
越小,5
期是,5
所有人,5
特种,5
七十六岁,5
生老病死,5
电影,5
复印件,5
住院手续,5
几十万,5
重离子,5
一堆,5
非专业,5
不低,5
鸡蛋清,5
陈旧性,5
发脑,5
由此,5
很久,5
到来,5
缘分,5
所处,5
癌字,5
沉浸,5
一再,5
第三类,5
援助,5
四十多岁,5
新增,5
流量,5
开具,5
下级,5
爸爸,5
成就,5
玩笑,5
一说,5
机能,5
生理,5
形态学,5
身边,5
尽管,5
全家,5
乐趣,5
平稳,5
例外,5
不怎么,5
75,5
韩女士,5
保存,5
这倒,5
受凉,5
第二张,5
包绕,5
心思,5
出炉,5
可不,5
多种类型,5
比较满意,5
不远,5
上个月,5
后会,5
优点,5
止痛药,5
依赖性,5
一针,5
匹配,5
培美曲塞加,5
肺泡,5
肺气肿,5
颠倒,5
预期,5
定性,5
依然,5
EP,5
了不起,5
巧合,5
该不该,5
常识,5
尽早,5
IA1,5
预想,5
遭受,5
最常,5
回想,5
到达,5
盲目,5
就是说,5
工薪阶层,5
产品,5
来治,5
难题,5
动静脉,5
典型性,5
上皮,5
通畅,5
多好,5
染发,5
探索,5
碰到,5
保险,5
向上,5
九点,5
张床,5
临时,5
朱先生,5
端的,5
打升,5
膨胀,5
肾癌,5
整理,5
视频,5
扫码,5
心病,5
脊柱,5
输点,5
侵入,5
1.3,5
眼睛,5
前年,5
引进,5
排到,5
托人,5
良心,5
这套,5
市区,5
季节,5
姿势,5
来钟,5
有害,5
阿姨,5
福建,5
积气,5
包裹,5
片仔癀,5
词汇,5
两三个,5
耳鼻喉科,5
休养,5
每隔,5
安放,5
召集,5
小心,5
材质,5
一一,5
上去,5
广大,5
面世,5
更长,5
无痛,5
消化科,5
必要性,5
世界卫生组织,5
脂肪,5
驱动,5
深深,5
欧盟,5
贝伐珠,5
焦点,5
多处,5
可靠,5
河北,5
肿胀,5
呼吁,5
宣传周,5
二聚体,5
常年,5
应对,5
原件,5
中华慈善总会,5
仿制,5
以内,5
指示,5
取材,5
IV,5
护士长,5
穿过,5
突下,5
只会,5
1.7,5
肉瘤,5
无关,5
以外,5
血压高,5
推广,5
甜食,5
不留,5
承认,5
严谨,5
最强,5
性别,5
做通,5
我能,5
费力,5
八十,5
脑膜,5
胡椒,5
二者之间,5
解决问题,5
劲儿,5
脸上,5
主流,5
过段时间,5
制氧机,5
人数,5
要查,5
主张,5
九个,5
闻到,5
极少数,5
六个,5
录取率,5
指证,5
发挥,5
转化,5
乙肝,5
范先生,5
追问,5
250ml,5
稀释,5
mg,5
ml,5
进胸,5
可逆,5
实变,5
以期,5
食品,5
注射液,5
替康,5
重度,5
一级,5
肺纤维化,5
表中,5
造血,5
实验室,5
来天,5
面积,5
销售,5
篮球,5
吉,5
手工,5
反对,5
免疫系统,5
哪几种,5
化学,5
驱虫药,5
Joe,5
大脑,5
反应迟钝,5
起源于,5
志愿,5
原发癌,5
数目,5
缝器,5
出事,5
车子,5
室内,5
防止,5
照射,5
停用,5
气味,5
冲洗,5
缺氧,5
填充,5
右全,5
粘液,4
518,4
腺瘤,4
三张,4
水平面,4
冠状,4
其他人,4
行不行,4
中旬,4
他会,4
短短的,4
61,4
83,4
95%,4
两三年,4
医保卡,4
会得,4
597,4
用作,4
加做,4
药好,4
代表性,4
夜班,4
清除,4
稳定期,4
助手,4
账号,4
面部,4
拿个,4
注重,4
内膜,4
头颅,4
脑血管,4
EGFR21,4
令人,4
秋天,4
79,4
辛苦,4
供血,4
人有,4
贴壁,4
中医,4
主任医师,4
专业人士,4
值得尊重,4
十来,4
推断出,4
中青年,4
重要性,4
车辆,4
今年春节,4
上药,4
眼神,4
多花钱,4
眼儿,4
搞定,4
有名,4
加快,4
突破,4
人能,4
家庭成员,4
同理,4
来开,4
发表意见,4
肚子疼,4
没事儿,4
谈一谈,4
2011,4
方子,4
必不可少,4
不多见,4
女婿,4
胸椎,4
十多年,4
多前,4
用过,4
卫健委,4
安次区,4
隔离,4
安静,4
推迟,4
时分,4
拒绝,4
不去,4
坚强,4
方言,4
偶尔,4
汇总,4
膀胱,4
膀胱癌,4
受侵,4
发起,4
一期,4
写文章,4
广东省,4
肿瘤医院,4
邻居,4
850,4
十几,4
韩先生,4
夏天,4
省事,4
位居,4
忽略,4
七天,4
一如既往,4
756,4
答应,4
防护,4
国人,4
改为,4
几十,4
踏实,4
预估,4
关联,4
前胸,4
特意,4
一概而论,4
老年病,4
才刚,4
太低,4
胃里,4
买点,4
试图,4
甲地孕酮,4
符合条件,4
我科,4
越重,4
喝喝,4
咳血,4
那样的话,4
很早,4
太晚,4
TP53,4
查阅,4
快到,4
宽泛,4
窗口,4
脑组织,4
小伙,4
春节假期,4
按时,4
骨盆,4
说好,4
社会学,4
抗癫痫,4
原来,4
看不出,4
按理说,4
解除,4
旺盛,4
完年,4
看脑,4
搜来,4
马先生,4
两三天,4
纸质,4
药名,4
大港,4
要切,4
江苏,4
背部,4
三期,4
本市,4
精力,4
接电话,4
患病,4
纤维,4
基线,4
显像,4
看清,4
某种程度,4
登记,4
致病,4
信服,4
五点,4
好觉,4
各长,4
预感,4
690,4
办好,4
危险度,4
说法不一,4
羊肉,4
冬至,4
一阵,4
完整性,4
不知情,4
肺门区,4
硬朗,4
意想不到,4
再查,4
喝水,4
采访,4
家长,4
楔切,4
那好,4
N0,4
M0,4
职业生涯,4
正中,4
问一问,4
每半年,4
预测,4
N1,4
长辈,4
三到,4
公布,4
订餐,4
外出,4
心脏病,4
氧气,4
CA125,4
能量,4
性价比,4
鸡蛋,4
过脑,4
止吐药,4
止吐,4
不开,4
青年,4
剂型,4
肺微,4
浅淡,4
活到,4
任由,4
三类,4
大都,4
问能,4
平静,4
岁月,4
斑点,4
边上,4
便利,4
问答,4
缓慢,4
破案,4
太近,4
因人而异,4
肝移植,4
肝部,4
边界,4
静脉血,4
热情,4
公开,4
不假,4
厚度,4
IVA,4
讲到,4
就行了,4
节点,4
探针,4
热量,4
吉林省,4
地舒,4
比做,4
总有,4
却是,4
情况严重,4
未见,4
抗结核,4
月底,4
代号,4
发音,4
讲述,4
掩盖,4
比较清楚,4
一模一样,4
收入,4
起着,4
牌子,4
测试,4
过高,4
指导性,4
明年,4
额外,4
网页,4
降下来,4
瘢痕,4
残端,4
没见,4
基石,4
剖面,4
主诉,4
成年,4
纪念,4
树立,4
师兄,4
列出,4
好几遍,4
稀奇,4
前期,4
分散,4
药来,4
1%,4
这药,4
想想,4
学校,4
A型,4
B型,4
熬夜,4
没听说过,4
一口气,4
四周,4
心理因素,4
一到,4
总比,4
骗钱,4
难道,4
反正,4
毛病,4
电视剧,4
肾病,4
622,4
多月,4
大热天,4
慎重考虑,4
验证,4
医疗机构,4
完美,4
724,4
先看,4
得知,4
等候,4
不靠,4
心中,4
有助于,4
看不懂,4
种种,4
参照,4
低到,4
惊讶,4
肉长,4
卫生院,4
一两,4
得病,4
欠清,4
一回,4
切完,4
强行,4
病床,4
片面,4
提了,4
四肢,4
血气,4
角蛋白,4
片段,4
停留,4
直肠癌,4
之情,4
一笔,4
发炎,4
生理学,4
800,4
667,4
干脆,4
对得起,4
体型,4
网络平台,4
电视,4
五六,4
眼药水,4
好多,4
头条,4
单侧,4
个体差异,4
不来,4
两项,4
非鳞非,4
替雷利珠,4
T790m,4
主观,4
大为,4
沟通交流,4
ORR,4
六十七岁,4
管道,4
可信度,4
最小,4
购物,4
影响力,4
房颤,4
咳出,4
一点儿,4
负荷,4
种类,4
太好,4
七八十岁,4
中要,4
中量,4
道路,4
病魔,4
各项,4
痉挛,4
一边,4
不受,4
很重,4
价格不菲,4
官方,4
色瑞替,4
厂家,4
淀粉,4
测定,4
诊金,4
自责,4
这批,4
入睡,4
黄色,4
琢磨,4
出血量,4
合格,4
特性,4
回忆,4
小点,4
无疑,4
辅助性,4
这要,4
医不,4
我见,4
可疑,4
阐述,4
植入,4
过大,4
看好,4
坐下,4
暂停,4
十万,4
奶茶,4
公司,4
这张,4
捷径,4
我爸,4
酒精,4
第十,4
悲观,4
开头,4
尽量避免,4
功课,4
更换,4
TIME,4
OUT,4
欧狄沃,4
普拉,4
不太像,4
遵循,4
正位,4
推算,4
说起,4
瘙痒,4
饮料,4
坏消息,4
失血性,4
回想起来,4
力气,4
老父亲,4
鸡肉,4
中用,4
冠状动脉,4
变深,4
批下来,4
最少,4
武汉,4
完骨,4
生物学,4
脾气,4
统计学,4
影子,4
两根,4
第六,4
挫折,4
几例,4
丙球,4
阿瑞匹坦,4
福沙匹坦,4
转化成,4
庄先生,4
管壁,4
TTF,4
密集,4
买不到,4
2.4,4
低于,4
浓聚,4
字母,4
战胜,4
益处,4
微波,4
脱水,4
缺血,4
八九十岁,4
告知,4
美洲,4
新液,4
没效,4
生长因子,4
药品监督管理局,4
高发,4
左面,4
传入,4
共性,4
DNA,4
嘌呤,4
学会,4
油腻,4
糖分,4
爷爷,4
0.3,4
好几篇,4
参考值,4
干预,4
如常,4
理论依据,4
完肺,4
切不可,4
疙瘩,4
4S店,4
号码,4
脏器,4
现代,4
好评,4
燃烧,4
芬苯达,4
调节,4
次数,4
即刻,4
胰腺,4
发现异常,4
十五个,4
阻塞,4
锐利,4
富含,4
P450,4
老娘,4
染个,4
采样,4
儿童,4
与否,4
喉部,4
诱发,4
增殖,4
水分,4
收藏,4
洛哌丁胺,4
清淡,4
污染物,4
微克,4
大本营,4
运输,4
上瘾,4
积存,4
多见于,4
脚部,4
上肢,4
镜是,4
探视,4
肌纤维,4
隐匿性,4
放射线,4
乳糜,4
后方,4
功能障碍,4
空隙,4
体重减轻,4
幕墙,4
两套,3
同意书,3
445,3
摔了一跤,3
相关检查,3
征求,3
病名,3
没到,3
回归,3
承受能力,3
究竟,3
0.5%,3
566,3
几张,3
踏下,3
肺长,3
警觉,3
会有,3
抽出,3
抽出来,3
大病,3
比较顺利,3
制定方案,3
血流,3
细管,3
对称,3
宣称,3
CSCO,3
要点,3
506,3
美好,3
418,3
纹眉,3
嘴唇,3
识别,3
偶然间,3
日趋,3
举例,3
橘子,3
拔除,3
不在少数,3
杨小姐,3
受伤,3
安全带,3
新型,3
毛玻璃,3
动动手,3
切净,3
IA2,3
太早,3
475,3
一生,3
身体健康,3
一场,3
肝酶,3
644,3
三十岁,3
精神压力,3
神奇,3
传统医学,3
9.1,3
4.3,3
39mm,3
乡村,3
说来,3
西青区,3
不差,3
防控,3
观看,3
某个,3
三套,3
对抗,3
推出,3
多长,3
各式各样,3
怎样,3
就够,3
万块,3
不说,3
头衔,3
有钱,3
追求,3
体验,3
麻木,3
大小便,3
行走,3
心衰,3
1542,3
后线,3
很晚,3
少活,3
再照,3
药快,3
写作,3
显微镜,3
染色,3
借出来,3
耽搁,3
救治,3
白费,3
聪明,3
613,3
当晚,3
下周,3
联网,3
止咳药,3
太远,3
安徽,3
525,3
73,3
横着,3
平扫加,3
5mm,3
575,3
拖延,3
599,3
切实可行,3
过个,3
癌症病人,3
像不像,3
刚过,3
592,3
多位,3
但凡,3
本地,3
居家,3
720,3
结肠癌,3
烟台市,3
716,3
遇到困难,3
重病,3
严峻,3
全市,3
不便,3
833,3
娇气,3
768,3
浙江省,3
遥远,3
自我,3
一并,3
655,3
边有,3
太忙,3
开会,3
广泛应用,3
第三次,3
动手术,3
常态,3
够重,3
两层,3
每一项,3
资质,3
整张,3
长出,3
前列,3
521,3
用门特,3
各省市,3
如火如荼,3
言下之意,3
794,3
这般,3
忽悠,3
显影,3
改用,3
事业,3
偏高,3
起床,3
焦虑症,3
低落,3
深圳市,3
坏处,3
614,3
对面,3
周二,3
当肺,3
我出,3
分散片,3
肌瘤,3
实验组,3
入组,3
950,3
下决心,3
750,3
科里,3
高段,3
持有,3
外国人,3
设想,3
结节性,3
告一段落,3
一切都是,3
药给,3
分钟,3
伴随,3
停掉,3
介入,3
钱花,3
父子,3
申请表,3
科去,3
诊所,3
设身处地,3
拍拍,3
深刻,3
说辞,3
肝硬化,3
代偿,3
密接,3
会用,3
充足,3
主导,3
新年,3
团圆,3
喜庆,3
不争,3
一提,3
薄壁,3
头孢类,3
醒来,3
防范,3
脚步,3
越来越近,3
749,3
会到,3
上周末,3
味儿,3
别着急,3
三五天,3
大可不必,3
讲求,3
不太敢,3
个别,3
形式,3
ICU,3
堵塞,3
707,3
两线,3
再来,3
外省市,3
当前,3
不好受,3
丧失,3
辨别,3
353,3
吃不下,3
建议您,3
石棉,3
睡个,3
开启,3
不通,3
能取,3
去取,3
626,3
讨论一下,3
设定,3
节后,3
或是,3
它长,3
壁层,3
凶险,3
退休,3
头头是道,3
遵从,3
我怕,3
T1c,3
特殊性,3
重大,3
白花钱,3
住院楼,3
形状,3
扔掉,3
占位性,3
经济学,3
资源,3
不成问题,3
一只,3
第一位,3
表态,3
是术,3
抢救,3
所得,3
三处,3
T3,3
打断,3
其余,3
白点,3
肿瘤发生,3
脉管,3
过好,3
世界观,3
危言耸听,3
专业名词,3
咽部,3
终结,3
拟定,3
手续,3
晚餐,3
患有,3
地段,3
二级,3
这两点,3
几千,3
涵盖,3
两只,3
白花,3
毫不犹豫,3
输上,3
再发,3
索条影,3
此事,3
若干年,3
两盒,3
时用,3
套用,3
十几二十年,3
脑膜瘤,3
管它,3
研读,3
辽宁省,3
说不出,3
日益,3
盛行,3
第一类,3
第二类,3
周六日,3
节假日,3
三倍,3
赠送,3
全力,3
食堂,3
沮丧,3
就切,3
标记,3
危急,3
指血,3
前来,3
一阵儿,3
立即,3
礼貌,3
黑点,3
好受,3
薄层,3
应邀,3
邀请,3
从小,3
不平,3
冷冻,3
消掉,3
松原市,3
给治,3
办不到,3
第五天,3
用地,3
佳节,3
聚会,3
不为过,3
求助,3
圆润,3
凡事,3
北京市,3
三十,3
海南省,3
买来,3
短片,3
存储,3
一个多,3
喝个,3
够呛,3
方向,3
花园,3
占有,3
比率,3
碎片,3
后遗症,3
算不算,3
闭合,3
小余,3
小到,3
中秋,3
ROS,3
灰白色,3
突破性,3
口述,3
临床医学,3
师兄弟,3
独特性,3
一过,3
药会,3
开玩笑,3
第一句,3
随口,3
即将,3
恢复期,3
比较发达,3
圈里,3
热议,3
人民币,3
985,3
极度,3
呼伦贝尔,3
医护,3
感慨,3
吻合,3
仅仅,3
1.1,3
这话,3
坦率,3
功效,3
当班,3
锦上添花,3
固然,3
想治,3
打击,3
它会,3
特异,3
潜台词,3
前刚,3
心疼,3
疼痛感,3
疼得,3
点菜,3
摆在面前,3
吃个,3
购买力,3
两万多,3
治不治,3
接到,3
刺激性,3
71,3
麻痹,3
三成,3
张图,3
场景,3
全套,3
专人,3
1090,3
黑龙江,3
同志,3
版本,3
不符,3
结核病,3
烫头发,3
从业者,3
没人,3
肾内科,3
顺着,3
往下,3
柴油,3
太快,3
报告单,3
退费,3
护工,3
记不住,3
打个,3
来回,3
牙科,3
银行,3
拿来,3
百分率,3
承诺,3
考虑一下,3
多问,3
我治,3
十点,3
很累,3
精确,3
打字,3
德国,3
礼物,3
脱离,3
缝上,3
成像,3
这台,3
差一点,3
拼音字母,3
十来天,3
760,3
因果关系,3
犹豫,3
赞同,3
1029,3
715,3
黏膜炎,3
要重,3
我查,3
放过,3
等一等,3
倒替,3
味道,3
那篇,3
不成,3
入伏,3
电扇,3
人才,3
人人,3
冷饮,3
垂体瘤,3
照例,3
语气,3
照完,3
时要,3
从医,3
自限性,3
大哥,3
大邱庄,3
白针,3
杀死,3
711,3
几条,3
条目,3
不以为然,3
外侧,3
试过,3
流脓,3
平整,3
隐瞒,3
关怀,3
不重,3
漏掉,3
37.1%,3
DCR,3
825,3
核实,3
欢迎,3
东丽区,3
面瘫,3
传来,3
FDA,3
不会错,3
好治,3
优先,3
规模,3
两支,3
两边,3
异物,3
排斥,3
成立,3
937,3
国家药品监督管理局,3
吉西,3
钉合,3
输液管,3
这根,3
海参,3
蛋白粉,3
荤素,3
均衡,3
一顿饭,3
几类,3
临终,3
四五十岁,3
721,3
迅猛,3
说句实话,3
人民,3
四药,3
病危,3
排出来,3
透析,3
做骨,3
近端,3
优缺点,3
强忍,3
大片,3
脓性,3
结肠,3
没长,3
中心医院,3
住院病人,3
胆红素,3
一带,3
前几次,3
EGFR19,3
回流,3
果真,3
增粗,3
打药,3
912,3
大事,3
郁郁寡欢,3
等待时间,3
558,3
G719A,3
非尼加,3
准确性,3
五十一岁,3
王大哥,3
心存,3
中断,3
更深,3
高蛋白,3
替尼有,3
高过,3
年纪,3
随后,3
六种,3
未知,3
稀少,3
752,3
彻底性,3
医学教育,3
注意事项,3
三点,3
2003,3
流动,3
我切,3
84,3
县里,3
长效,3
我后,3
他来,3
惯例,3
扣门,3
准则,3
648,3
5000,3
紫药水,3
某位,3
提高警惕,3
创面,3
假定,3
想得到,3
四天,3
六天,3
二十岁,3
防护服,3
一万,3
长短,3
输完,3
一环,3
3.5,3
目标,3
弯路,3
规范性,3
断续,3
形象,3
猜想,3
分是,3
满分,3
分越,3
越差,3
上半年,3
心理学,3
稳妥,3
一身,3
一款,3
广告,3
随手,3
内有,3
忍不住,3
这么久,3
血药浓度,3
无能为力,3
不确定性,3
装修,3
饭馆,3
试错性,3
这治,3
心想事成,3
信用卡,3
警惕性,3
视角,3
填写,3
日前,3
调取,3
处置,3
良是,3
手套,3
滥用,3
半天,3
场合,3
忘记,3
亚实性,3
相差,3
眼中,3
超出,3
忙碌,3
报重,3
疾险,3
缺点,3
层出不穷,3
发霉,3
纳武利,3
泊苷,3
类药,3
蠕动,3
检查报告,3
媒体报道,3
疹子,3
74,3
延缓,3
朋友圈,3
医学专业,3
肿痛,3
脑干,3
鸡汤,3
猪头肉,3
读一读,3
一方,3
第一例,3
患友,3
展现,3
造影,3
85%,3
上级,3
血供,3
塞加顺,3
五万多,3
薄薄的,3
反过来说,3
非常容易,3
一大块,3
加氟片,3
两药,3
特殊人群,3
构成,3
这片,3
期望,3
先说,3
晕倒,3
心跳,3
烟味,3
难以忍受,3
瑞替,3
急事,3
过不去,3
内脏,3
生意,3
要不然,3
弥漫性,3
丙种球蛋白,3
可及,3
支气管炎,3
为例,3
条索样,3
名气,3
用心,3
诸多,3
情商,3
吻合器,3
陈先生,3
1136,3
一番,3
发育,3
细小,3
肝上,3
你们,3
似的,3
深有体会,3
青岛,3
正电子,3
发射,3
核素,3
放射性核素,3
近几年,3
时常,3
尽心,3
可怜,3
拉菲,3
前景,3
3.2,3
黑色素瘤,3
极为,3
要命,3
骨质,3
类物质,3
射频,3
热能,3
破裂,3
六七,3
大鼠,3
模型,3
此基础,3
因子,3
哮喘,3
顺应性,3
大蠊,3
开来,3
坚定,3
卡博替,3
贸然,3
延迟,3
列出来,3
有事,3
流水,3
居民,3
研究生,3
口腔科,3
肠炎,3
达伯舒,3
经不住,3
几万,3
两列,3
食用,3
螺旋,3
酪氨酸激酶抑制剂,3
非小细胞肺癌,3
不多,3
小张,3
名为,3
正是,3
填补,3
神经元,3
取血测,3
研究者,3
川菜,3
折扣,3
13%,3
胰岛素,3
仪器,3
起居,3
125,3
谷草,3
谷丙,3
四月,3
闹事,3
伴肺,3
预知,3
吉祥,3
大腿,3
辈儿,3
三分之一,3
分型,3
飞机,3
显然,3
保养,3
利益,3
体育,3
远高于,3
75%,3
材料,3
文中,3
摸摸,3
十五年,3
毒副,3
放射,3
烟草,3
几根,3
成败,3
科研人员,3
丙二醇,3
吸食,3
西方,3
超市,3
蔬菜,3
甘油,3
支援,3
原发灶,3
个体化,3
新生,3
2006,3
自主,3
珍贵,3
同属,3
T4,3
说完,3
--,3
折断,3
疏松,3
兽医,3
寄生虫,3
类别,3
2A,3
没关系,3
功能区,3
侵袭,3
东亚,3
关闭,3
通路,3
善意,3
同期,3
异质,3
几下,3
五门,3
自行车,3
估分,3
当年,3
报考,3
抽空,3
六到,3
接台,3
交角,3
排异,3
远比,3
奋斗,3
均质,3
流感病毒,3
释放出来,3
封闭,3
组成部分,3
7%,3
45%,3
厄洛替,3
气球,3
不佳,3
孕妇,3
不太多,3
看望,3
过敏反应,3
每日,3
两排,3
选择性,3
吃易瑞沙,3
淘汰,3
包袱,3
自从,3
2014,3
恐惧心理,3
内向,3
明明,3
饮水,3
分度,3
交通事故,3
行驶,3
油炸,3
麻将,3
供奉,3
焚香,3
通风,3
十二年,3
散散步,3
元宵节,3
利尿,3
渗透压,3
叶酸片,3
评测,3
据点,3
各处,3
合成,3
以下几点,3
内向型,3
活动性,3
负压,3
结扎,3
势头,3
首位,3
回顾性,3
三至,3
眼睑,3
漏口,3
患侧,3
袖式,3
肾小管,3
酸中毒,3
放置,3
颜面,3
上要,3
proGRP,3
较大,3
微循环,3
毒瘾,3
加以,3
溃破,3
淋巴液,3
分开,3
胼胝,3
许先生,3
PS,3
马大姐,3
民众,3
单一,3
心动过速,3
孙大哥,3
不易,3
血清,3
大气污染,3
正向,3
SCLC,3
并发,3
判读,3
安徽省,2
首发,2
435,2
430,2
多种多样,2
区级,2
粘液腺癌,2
第一条,2
不宜,2
定心丸,2
贴切,2
463,2
紧密,2
他家,2
四院,2
石家庄市,2
深黄色,2
私信,2
积水,2
同情,2
小病,2
362,2
扁平,2
469,2
前照,2
绑定,2
活血,2
带到,2
7mm,2
时先,2
点状,2
历程,2
大伯,2
更久,2
429,2
我线,2
输进去,2
认证,2
车牌号,2
438,2
接收,2
果皮,2
果肉,2
合在一起,2
502,2
胶水,2
系着,2
表扬,2
601,2
467,2
去查,2
有把握,2
动员,2
发黄,2
眼球,2
好几千,2
残忍,2
540,2
切好,2
552,2
高不高,2
泡型,2
亚型,2
调理,2
附属,2
激动,2
点开,2
红圈,2
底下,2
大城市,2
要来,2
510,2
做起,2
563,2
975,2
激起,2
借用,2
种为,2
877,2
宁河,2
坐车,2
侧翻,2
车里,2
右胸,2
粉尘,2
说一说,2
针线,2
技术含量,2
1275,2
切个,2
高级,2
摇摇头,2
忍住,2
切肺,2
先不说,2
多出,2
机械,2
最多见,2
初心,2
不得不,2
一步步,2
年幼,2
1469,2
第一篇,2
字数,2
系统工程,2
一万块,2
没能,2
海区,2
四月份,2
这小,2
波折,2
好得多,2
休息时间,2
公园,2
散散心,2
培美曲赛,2
多元,2
2238,2
习惯性,2
有时候,2
微薄,2
广为,2
老中医,2
功劳,2
干嘛,2
离不开,2
多输,2
一热,2
771,2
抗拒,2
每家,2
手写,2
处方药,2
曲靖市,2
去过,2
往南,2
山西大同,2
血块,2
能开,2
城职,2
556,2
矢状面,2
533,2
叶裂,2
斜裂,2
小周,2
后先,2
555,2
但长,2
间断性,2
几厘米,2
小说,2
三十年,2
499,2
红桥区,2
升到,2
特效药,2
意见反馈,2
753,2
抵津后,2
第二天,2
828,2
838,2
77,2
药阿法,2
下才,2
拜托,2
词语,2
早日,2
往日,2
全员,2
这场,2
事想,2
不忍,2
人得,2
突出,2
二十几年,2
痒痒,2
696,2
多倍,2
南京市,2
灌注,2
1069,2
皱缩,2
754,2
整体性,2
边想,2
保障,2
很淡,2
退诊,2
证据不足,2
来个,2
交往,2
用字,2
字用,2
设置,2
期限,2
772,2
表弟,2
转身,2
一一列举,2
找家,2
639,2
658,2
即便如此,2
市内,2
恭候,2
气儿,2
百害,2
一利,2
活得,2
随即,2
522,2
1500,2
手机号,2
周折,2
薄扫,2
那才,2
留着,2
635,2
拗口,2
一小片,2
公平,2
事上,2
832,2
长久,2
非洲,2
卧病在床,2
擅长,2
算命,2
727,2
559,2
突飞猛进,2
536,2
692,2
会议,2
集合,2
启动,2
易懂,2
老爸,2
退一步讲,2
684,2
住院医师,2
一趟,2
术语,2
会个,2
外国,2
越轻,2
比得上,2
按部就班,2
研究成果,2
原始,2
临床经验,2
不比,2
大图,2
射波刀,2
信儿,2
611,2
入手,2
如愿,2
哪一位,2
科领,2
权利,2
界面,2
徐州市,2
清晰度,2
体格,2
健壮,2
三例,2
中枢,2
阶段性,2
胜利,2
以脑,2
抢出,2
脑袋,2
协作,2
激烈,2
出钱,2
只得,2
流行病学,2
右上角,2
服药,2
农历,2
1111,2
冠脉,2
890,2
头孢,2
镇静,2
灵敏度,2
嗜睡,2
降糖药,2
低血糖,2
神经系统,2
祥和,2
817,2
帮忙,2
我点,2
河北区,2
哥哥,2
1014,2
826,2
陪陪,2
正赶上,2
带给,2
8%,2
人口,2
当回事,2
脱落下来,2
一打,2
前列腺癌,2
757,2
体积小,2
用手,2
摸出来,2
很深,2
要加,2
大是,2
限度,2
报告会,2
翻看,2
血压低,2
狭窄,2
会快,2
胆囊炎,2
尴尬,2
整体观,2
线数,2
期数,2
晚一点,2
讲完,2
333,2
肺腺,2
290,2
看作,2
局麻,2
协助,2
换位,2
温暖,2
本分,2
课题,2
职责,2
315,2
纹理,2
谈判,2
盖章,2
人中,2
行政,2
生产国,2
沸石,2
会起,2
来取,2
1078,2
先不动,2
1.8,2
更远,2
再大,2
666,2
平复,2
境地,2
往前,2
元旦节,2
全年,2
问是,2
同感,2
香蕉,2
人间,2
推开,2
大块,2
连锁,2
从血,2
436,2
科学研究,2
威胁,2
355,2
九成,2
当着,2
422,2
T1cN0M0,2
等于,2
考量,2
留到,2
446,2
赤峰市,2
繁琐,2
制成,2
妇产科,2
走向,2
职工,2
福利,2
第一点,2
385,2
转归,2
缓一缓,2
做平,2
对人,2
卫生间,2
预防针,2
癌长,2
不快,2
嘀咕,2
2.5,2
绿豆,2
卫星,2
一放,2
621,2
无独有偶,2
昨天中午,2
陕西省,2
吓坏,2
衣服,2
玛瑙石,2
来得及,2
虚惊一场,2
全貌,2
402,2
越大越,2
有癌,2
截然不同,2
佛度,2
有缘人,2
苦口婆心,2
教师,2
偶然性,2
老伴儿,2
自然规律,2
634,2
备好,2
洗漱,2
纸巾,2
藕粉,2
一包,2
如厕,2
床旁,2
被褥,2
院内,2
预订,2
餐饮,2
佩戴,2
回民,2
不顾,2
放不下,2
一道,2
要输,2
一顿,2
三块,2
一靠,2
再犯,2
福建省,2
分到,2
韧带,2
这组,2
1430,2
放着,2
一瓶,2
一听,2
药事,2
委员会,2
开上,2
珍惜,2
开安罗替,2
宁可,2
带上,2
帽子,2
崔先生,2
欢乐,2
472,2
遗传基因,2
精度,2
能长,2
共有,2
组合,2
5660,2
三片,2
四盒,2
穿着,2
服装,2
楼道,2
眼泪,2
招呼,2
挽回,2
一丝,2
630,2
发帖,2
哪有,2
多人,2
夸大,2
点儿,2
作文,2
用门,2
准时,2
事实上,2
心血管,2
信号,2
是否是,2
解决不了,2
约定,2
根部,2
反作用,2
契合,2
难以完成,2
验血,2
几毫米,2
侧面,2
留出,2
事态,2
1677,2
那头,2
迟迟,2
只好,2
盐城市,2
1378,2
重返,2
工作岗位,2
对错,2
一家人,2
遭遇,2
刘小姐,2
1495,2
纳闷,2
追踪,2
床边,2
叙述,2
M1a,2
1463,2
复测,2
1157,2
夫妇,2
儿媳,2
有喘病,2
有机,2
插入,2
很多遍,2
能治,2
万多,2
000,2
万能,2
数据分析,2
好法,2
列入,2
最高级别,2
1548,2
小雨,2
待在家里,2
吃海鲜,2
螃蟹,2
小酌,2
十足,2
爆炸,2
图中,2
更改,2
1528,2
石榴,2
葡萄,2
以致,2
越低,2
那次,2
博鳌,2
最优,2
1997,2
Sotorasib,2
我前,2
跟不上,2
关注度,2
会伤,2
一概,2
多余,2
后该,2
计划性,2
进门,2
缜密,2
简易,2
权威,2
章节,2
刚有,2
自动,2
几篇,2
胀气,2
运动障碍,2
查询,2
发麻,2
发木,2
他发,2
拔出,2
总想,2
先来,2
2995,2
下起,2
吃克唑,2
重了,2
拼命,2
他用,2
3998,2
3895,2
义诊,2
我试,2
连忙,2
表情,2
下半年,2
空荡荡,2
感情,2
骑行,2
两类,2
非处方药,2
西安,2
一上午,2
几声,2
止咳,2
化痰药,2
苦恼,2
946,2
拔管,2
几岁,2
一口,2
咽下去,2
快要,2
全家人,2
887,2
下地,2
手术刀,2
快慢,2
麻木感,2
再输,2
痊愈,2
再往,2
术野,2
继承,2
普通家庭,2
及其,2
970,2
身高体重,2
上学,2
迫切,2
越发,2
中日友好医院,2
964,2
八点,2
皱巴,2
听懂,2
先住,2
好办,2
北京协和医院,2
英语,2
语文,2
大庆市,2
系数,2
公分,2
闹矛盾,2
闹别扭,2
蛮大,2
喝咖啡,2
登陆,2
不必,2
1079,2
下部,2
十七岁,2
一儿,2
一女,2
想一想,2
不用说,2
借此,2
拔气,2
深吸,2
心理作用,2
地儿,2
这一波,2
有用,2
过日子,2
坦然,2
地点,2
截然,2
表述,2
稍大,2
动能,2
做做,2
差异性,2
第一列,2
社会活动,2
有氧,2
上海市,2
侵到,2
费劲,2
起效,2
2823,2
三叔,2
划分,2
事要,2
群里,2
走火入魔,2
不能治愈,2
买个,2
几百块,2
号召,2
放到,2
两万元,2
一千六百元,2
二百元,2
宣告,2
一千多,2
指引,2
懒得,2
诱因,2
没当回事,2
七月份,2
要治,2
第四代,2
千万,2
联系方式,2
转告,2
议事日程,2
定为,2
所以然,2
近几个月,2
有点儿,2
做术,2
抬头,2
天南海北,2
兄弟姐妹,2
保定市,2
灌洗,2
培养,2
反弹,2
也定,2
光头,2
652,2
检验科,2
比值,2
就定,2
几万名,2
而且,2
摆在,2
主动权,2
既定,2
虽说,2
气闷,2
够用,2
带血,2
起先,2
老家,2
线索,2
主班,2
名单,2
548,2
万一开,2
一问,2
换个,2
药盒,2
贵重,2
止住,2
全是,2
人少,2
压缩,2
时有,2
坐视不管,2
立体,2
602,2
年度,2
看成,2
0%,2
随缘,2
仓促,2
高脂血症,2
1201,2
指出,2
几页,2
823,2
聊天记录,2
好后,2
查血,2
河西区,2
团块,2
含气,2
很着急,2
清创,2
发红,2
发上去,2
杨医生,2
783,2
原则性,2
过早,2
抉择,2
另一台,2
2.0,2
得不到,2
往后,2
抗凝药,2
728,2
需求,2
放大,2
953,2
663,2
出新,2
1767,2
脑海中,2
大国,2
最深,2
医治,2
进到,2
吓唬,2
病情严重,2
一两次,2
维持下去,2
发送,2
596,2
收进来,2
独到,2
542,2
二氧化碳,2
拍下来,2
现今,2
谨以此文,2
第二位,2
趁着,2
本质,2
腿脚,2
不能不,2
3000,2
口腔溃疡,2
急剧下降,2
念头,2
被迫,2
1608,2
肺有,2
不至于,2
150,2
六十一岁,2
条路,2
取完,2
万不得已,2
这条,2
展开,2
留下来,2
十倍,2
682,2
超越,2
回升,2
过力,2
幅度,2
自如,2
华北地区,2
看得出,2
1859,2
微微,2
孤独,2
聊聊天,2
四川,2
接听,2
来得,2
麻卡,2
人生道路,2
和术,2
没底,2
过敏史,2
片剂,2
浏览,2
叫住,2
当成,2
心眼小,2
责任,2
留有,2
痕迹,2
厦门,2
681,2
完针,2
膏药,2
按摩,2
无奈,2
倍增,2
引用,2
辗转,2
临沂,2
748,2
人活,2
提心吊胆,2
开开心心,2
装不下,2
逐一,2
金钱,2
五条,2
刨开,2
修路,2
比重,2
拖成,2
人来,2
盲目乐观,2
办事,2
逃避,2
另一组,2
老年医学,2
九十多岁,2
取个,2
那层,2
80.6%,2
最坏,2
rate,2
老年性,2
联想,2
胡思乱想,2
这人,2
695,2
好几,2
强制,2
要测,2
查看,2
1232,2
先是,2
2843,2
2000,2
谢谢,2
越少,2
杀人,2
816,2
最长,2
七八年,2
他治,2
637,2
650,2
多方面,2
620,2
不及格,2
滨加,2
不太多见,2
有太大,2
2216,2
虫草,2
蛋黄,2
胆固醇,2
添加剂,2
冤枉钱,2
补品,2
不花,2
914,2
1710,2
德瓦鲁,2
16.8,2
5.6,2
更强,2
一用,2
靶心,2
商讨,2
但据,2
经不起,2
内外科,2
西利,2
1581,2
的确,2
不仅仅,2
徐林友,2
想不通,2
反思,2
疲乏,2
岗位,2
相似,2
组有,2
71%,2
放个,2
扎破,2
脚背,2
足部,2
骨科医生,2
向前,2
日益严重,2
真诚,2
打动,2
挨条,2
先用,2
干性,2
813,2
厌食,2
小结,2
数倍,2
拆早,2
一裂,2
线多带,2
记好,2
805,2
多钟,2
门卫,2
楼下,2
演化,2
残余,2
步入,2
递给,2
上半身,2
致命,2
腹压,2
深思熟虑,2
期盼,2
1316,2
正相反,2
近半年,2
高速,2
再治,2
遗传性,2
更要,2
饿死,2
脂蛋白,2
81%,2
七项,2
抽个,2
要用,2
山城,2
黄豆,2
好几万,2
指给,2
像术,2
写成,2
1518,2
修改,2
公章,2
获悉,2
生产厂家,2
价格优势,2
五百多,2
不太想,2
扎到,2
草草,2
包着,2
杨帆,2
肺鳞状,2
带子,2
1465,2
派克,2
钻石,2
十例,2
674,2
4143,2
而论,2
斜角,2
IVB,2
续上,2
体征,2
不由自主,2
意见建议,2
拿不定,2
存留,2
内会,2
基底膜,2
1965,2
进针,2
中等量,2
弹性,2
闭式,2
有假,2
1422,2
拓展,2
肺小,2
查找,2
1086,2
靠边,2
只取,2
急切,2
越小越,2
年间,2
手边,2
小点儿,2
间长,2
反过来,2
隐患,2
分支,2
原版,2
638,2
实际操作,2
1604,2
千百年来,2
默契,2
二月,2
小男孩,2
受苦,2
4000,2
棉签,2
拇指,2
654,2
1354,2
多喝水,2
咽痛,2
穿衣服,2
匀速,2
上楼,2
气喘,2
楼到,2
降期,2
几支,2
1292,2
前兆,2
不信,2
这回,2
遮盖,2
铅皮,2
未见好转,2
截屏,2
急需解决,2
动脉瘤,2
2.6,2
低血,2
轻重缓急,2
头痛医头,2
脚痛医脚,2
吃法,2
即使如此,2
难以承受,2
这例,2
低密度,2
时问,2
785,2
反馈,2
采纳,2
分值,2
福建厦门,2
884,2
药叫,2
1428,2
暗红色,2
保健食品,2
置管,2
一两天,2
1127,2
本周,2
贴合,2
贾玲,2
小品,2
这段话,2
过量,2
别处,2
编号,2
房子,2
口味,2
一圈,2
不怕,2
大吉,2
1506,2
抑郁症,2
天才,2
新年快乐,2
联名,2
小姑娘,2
有心无力,2
所在地,2
延后,2
昨天上午,2
座椅,2
减到,2
接听电话,2
明显降低,2
评判,2
西南,2
越晚,2
哪科,2
秉承,2
角质蛋白,2
检查一下,2
紧接着,2
场面,2
关键因素,2
舒适,2
红酒,2
1613,2
据此,2
质疑,2
无菌,2
手术台,2
升白,2
优先选择,2
1104,2
高压,2
可替,2
第一年,2
1178,2
火热,2
许多,2
专员,2
协调,2
我家,2
退回去,2
白跑一趟,2
商业保险,2
奥西,2
今年初,2
982,2
苹果,2
来切,2
多切,2
抽上,2
陪检,2
切反,2
实施,2
核查,2
确保,2
一切顺利,2
1642,2
申请单,2
注明,2
背面,2
选用,2
用血,2
半流质,2
不胀,2
尽快恢复,2
BLU,2
1736,2
诊断率,2
逐步提高,2
1121,2
4.5,2
进口药,2
打生,2
很准,2
这口,2
吐出来,2
血痰,2
畅通,2
破损,2
委婉,2
房后,2
看见,2
恰巧,2
看不见,2
选错,2
1141,2
失血,2
免疫性,2
重影,2
变为,2
行不通,2
练习,2
擂主,2
预警,2
发怒,2
神秘,2
珠海,2
牙龈,2
汤会,2
争论,2
颈动脉,2
脏层,2
饮食习惯,2
配偶,2
星期,2
子弹,2
多用,2
设立,2
说实话,2
药奥希替,2
单凭,2
无论如何,2
算了,2
斑片,2
比前,2
开销,2
拭目以待,2
统一安排,2
1586,2
老大爷,2
提防,2
二是,2
任重道远,2
1416,2
陕西,2
细分,2
中得,2
967,2
似痛,2
非痛,2
刮风下雨,2
变天,2
针扎,2
出门时,2
有误,2
无所适从,2
能定,2
他人,2
索条,2
一味,2
斑片影,2
十分之一,2
说切,2
重建,2
多家,2
搞通,2
高血糖,2
写入,2
多于,2
一下下,2
意料不到,2
常有,2
延期,2
换换,2
第八,2
没考上,2
勇气,2
99%,2
不动,2
英文字母,2
用克唑,2
更年期,2
户外运动,2
户外,2
散步,2
话语,2
完药,2
979,2
发灰,2
发黑,2
抗感染,2
疲惫,2
四五个,2
存活,2
换上,2
正值,2
2527,2
踢足球,2
玩儿,2
不禁,2
T4N3M0,2
三盒,2
挂号处,2
高中,2
总而言之,2
留有余地,2
8.6,2
2203,2
钢钉,2
用力,2
我来,2
性小,2
最准,2
或多或少,2
机化,2
过有,2
L861Q,2
开关,2
一排,2
摔倒,2
统一口径,2
最让人,2
变好,2
基底,2
近日,2
充分准备,2
2604,2
衰变,2
血糖高,2
GGO,2
排列,2
球菌,2
浙江,2
关节,2
做套,2
俗语,2
记忆,2
角色,2
药外,2
无药,2
总数,2
绝对值,2
单吃,2
事项,2
宣传栏,2
问起,2
500ml,2
实力,2
64%,2
10.9,2
药加,2
韩国,2
无意,2
平卧,2
消耗,2
看差,2
繁忙,2
健身运动,2
高强度,2
快步,2
引导,2
电流,2
凝固,2
降温,2
有句,2
现状,2
第一印象,2
已知,2
日本,2
无害,2
顽强,2
赞叹,2
间接,2
提取物,2
时长,2
实践,2
就会,2
一个半月,2
原癌基因,2
受体,2
写错,2
ROS1,2
万金油,2
种种原因,2
Pralsetinib,2
作业,2
费时,2
主要症状,2
仔细分析,2
单用,2
度伐利优,2
瑞利,2
太贵,2
查到,2
化学名,2
草率,2
八种,2
加进去,2
为何,2
误解,2
一百年,2
一百个,2
期到,2
位会,2
加班,2
正道,2
辣味,2
最早,2
描写,2
记载,2
用量,2
9%,2
腹痛,2
1546,2
独享,2
抗病毒,2
哪项,2
产物,2
六十五岁,2
安慰剂,2
七成,2
新颖,2
将要,2
最重,2
门口,2
病有,2
抽完,2
济南,2
0.9,2
通俗易懂,2
一刀,2
薄片,2
物体,2
约定俗成,2
三维,2
2cm,2
照看,2
两全其美,2
先盲,2
鉴于,2
佩服,2
病死率,2
随机对照,2
各国,2
主题,2
1448,2
萨克斯,2
常人,2
反感,2
几万元,2
服务行业,2
鲁菜,2
性子,2
代入,2
得出结论,2
直到现在,2
举出,2
减重,2
第二点,2
以往,2
轻到,2
愚昧,2
居于,2
尤为重要,2
显而易见,2
350,2
做成,2
与此有关,2
130,2
殊为,2
硕士,2
聘请,2
三日,2
养好,2
养养,2
没养,2
养分,2
那么回事,2
仇人,2
客气,2
赶着,2
六七十岁,2
转运,2
站立,2
两条道路,2
明显好转,2
时刻,2
祝您,2
内疚,2
受邀,2
主动脉弓,2
侵蚀,2
乳头状,2
五六年,2
跟上,2
整天,2
不足以,2
沙发,2
耍大牌,2
普普通通,2
不甚了解,2
夺走,2
新华网,2
优秀,2
佼佼者,2
诊病,2
群中,2
精确度,2
彩票,2
千万分之一,2
选出,2
留个,2
隐隐,2
传过来,2
拆掉,2
管会,2
之处,2
名列前茅,2
近亲属,2
五百元,2
家中,2
指肺,2
丢人,2
新兵,2
首个,2
激酶,2
缺失,2
大名鼎鼎,2
不切,2
举得,2
热衷,2
培美曲塞,2
周大娘,2
SBRT,2
三十多年,2
细节决定,2
十一,2
22.5%,2
十二个,2
四氢,2
大麻,2
宣布,2
韩力,2
十四,2
反响,2
企业,2
电池,2
香精,2
带劲,2
要强,2
吸到,2
面粉,2
一五,2
晚会,2
伤肺,2
不起作用,2
贡献,2
不断进步,2
射血,2
纽约,2
家务,2
花园里,2
多会儿,2
1.5%,2
终身,2
局限性,2
营养物质,2
内皮,2
重组,2
恩度,2
福音,2
定量,2
业内人士,2
诠释,2
改服,2
日文,2
国度,2
药神,2
看后,2
即克唑,2
替尼和色,2
更为重要,2
祝福,2
两期,2
二三十年,2
率会,2
黏连,2
京报,2
狗狗,2
苯达唑,2
代购,2
杂志,2
诱导,2
毒害,2
一颗,2
医学界,2
六十二岁,2
有创,2
大受,2
弄懂,2
六月,2
到位,2
不同之处,2
网上支付,2
不耐烦,2
小脑,2
咨询服务,2
地处,2
传导,2
3%,2
翻身,2
读读,2
听错,2
一门,2
看看书,2
同质化,2
炒菜,2
厨师,2
此类,2
端午节,2
想必,2
考场,2
五百,2
十二,2
北大,2
理科,2
一串,2
惊人,2
物理,2
那年,2
考分,2
理科生,2
由此看来,2
考区,2
第一名,2
XX,2
再见,2
巨核细胞,2
三十万,2
解释一下,2
第四个,2
不饿,2
十一点,2
角变,2
举办,2
太久,2
别太累,2
相聚,2
果汁,2
葡萄柚,2
杂交,2
柚子,2
五一节,2
让我拿,2
业余,2
以供,2
基本知识,2
不良习惯,2
养成,2
跟得上,2
这七大,2
防癌,2
中山路,2
震动,2
分高,2
只用,2
进修,2
这一,2
熟人,2
运行,2
仿版药,2
没吃过,2
大年三十,2
一头,2
除去,2
再生,2
障碍性,2
正月,2
不知,2
背段,2
达菲,2
氨酸,2
身体虚弱,2
血钙高,2
碱性,2
英文名字,2
血缘关系,2
易感性,2
情绪低落,2
果断,2
55%,2
潴留,2
泊苷加,2
过类,2
辐射量,2
杨大娘,2
天下,2
水量,2
兴奋,2
夏季,2
大体,2
可切除,2
杀伤,2
巡回,2
上台,2
和切,2
优于,2
经验性,2
Ia,2
第四种,2
漏诊,2
一头雾水,2
混有,2
分辨,2
那批,2
OTC,2
综合信息,2
食品药品,2
监督管理,2
总局,2
这一关,2
尊严,2
发生变化,2
善于,2
偷偷,2
绝望,2
消沉,2
打消,2
拉肚子,2
加用,2
暂时性,2
打比方,2
过车,2
塌陷,2
备血,2
谈起,2
油烟,2
打牌,2
念佛,2
香炉,2
神佛,2
台湾省,2
香港地区,2
缭绕,2
散开,2
六万人,2
拜年,2
昼夜,2
温差,2
少食,2
多餐,2
场所,2
溜达,2
阖家欢乐,2
情人节,2
2839,2
视神经,2
视物,2
颅压,2
违反,2
脑梗死,2
93,2
侧卧位,2
复合,2
听从,2
以利,2
以防,2
38.5,2
高出,2
放电,2
血痂,2
异质性,2
1cm,2
IIIb,2
再取,2
停服,2
中老年,2
饱满,2
往往,2
眼前,2
重叠,2
缺损,2
昏昏沉沉,2
清醒,2
精神异常,2
第九,2
车胎,2
胸前,2
补胎,2
溢出,2
缝针,2
补片,2
2004,2
少于,2
中等,2
操作过程,2
不适感,2
心肌缺血,2
饮食起居,2
调养,2
吃水,2
寒冷,2
七万,2
量化,2
死因,2
血流量,2
毛囊,2
再行,2
25%,2
但会,2
便秘,2
充血,2
真菌,2
凹陷,2
储存,2
漱口,2
唾液,2
大气,2
检出率,2
检出,2
深呼吸,2
低氧,2
血症,2
留痰,2
内皮细胞,2
极高,2
思想动态,2
难怪,2
越是,2
年老,2
吗啡,2
液化,2
抑或,2
躯干,2
丘疹,2
沟瘤,2
多站,2
花生米,2
索状,2
条索,2
用电,2
问号,2
烧灼,2
否定,2
来测,2
成长,2
喘息,2
腹壁,2
逐层,2
偶发,2
过全,2
余肺,2
问及,2
变质,2
走动,2
日间,2
一枚,2
透明,2
取物袋,2
八号,2
命名,2
管径,2
日志,2
肠镜,2
肺水肿,2
充血性,2
填塞,2
晕厥,2
容量,2
术式,2
成形,2
生成素,2
Barnard,2
主症,2
诚然,2
衍生,2
扰动,2
尚未,2
鼻孔,2
摸上去,2
有项,2
多一分,2
Lambert,2
Eaton,2
下垂,2
手指头,2
指会,2
肺会,2
晃来晃去,2
移位,2
上移,2
占据,2
黑色,2
澎湃,2
人口老龄化,2
平均水平,2
弥漫型,2
呛咳,2
支配,2
small,2
cell,2
lung,2
cancer,2
谵妄,2
认知障碍,2
镜吸,2
2558,2
射灯,2
片上,2
假瘤,2
胡萝卜,2
栓子,2
16.62,2
LDCT,2
NCCN,2
危组,2
包年,2
